ACTIVITY_INSTANCE_NAME,ACTIVITY_ITEM_CLASS_NAME,ACTIVITY_ITEM_TYPE,ACTIVITY_ITEM_VALUE,IS_ADAM_PARAM_SPECIFIC
Acute Kidney Injury,domain,terms,DOMAIN:CE,
Acute Kidney Injury,finding_category,terms,FINDCAT:AE REQUIRING ADDITIONAL DATA,
Acute Kidney Injury - Acute Urinary Tract Infection,categoric_finding_original_result,,,
Acute Kidney Injury - Acute Urinary Tract Infection,domain,terms,DOMAIN:FA,
Acute Kidney Injury - Acute Urinary Tract Infection,finding_category,terms,FINDCAT:AE REQUIRING ADDITIONAL DATA,
Acute Kidney Injury - Acute Urinary Tract Infection,finding_subcategory,terms,FINDSCAT:ACUTE KIDNEY INJURY CONDITIONS,
Acute Kidney Injury - Acute Urinary Tract Infection,test_code,terms,FATESTCD:AKIAURIN,
Acute Kidney Injury - Acute Urinary Tract Infection,test_name,terms,FATEST:AKI-Acute Urinary Tract Infection,
Acute Kidney Injury -  Aminoglycoside(s),categoric_finding_original_result,,,
Acute Kidney Injury -  Aminoglycoside(s),domain,terms,DOMAIN:FA,
Acute Kidney Injury -  Aminoglycoside(s),finding_category,terms,FINDCAT:AE REQUIRING ADDITIONAL DATA,
Acute Kidney Injury -  Aminoglycoside(s),finding_subcategory,terms,FINDSCAT:ACUTE KIDNEY INJURY NEPHROTOXIC TREATMENTS,
Acute Kidney Injury -  Aminoglycoside(s),test_code,terms,FATESTCD:AKIAMINO,
Acute Kidney Injury -  Aminoglycoside(s),test_name,terms,FATEST:AKI-Nephrotoxic Treatment Aminoglycoside,
Acute Kidney Injury - Chronic Urinary Tract Infection,categoric_finding_original_result,,,
Acute Kidney Injury - Chronic Urinary Tract Infection,domain,terms,DOMAIN:FA,
Acute Kidney Injury - Chronic Urinary Tract Infection,finding_category,terms,FINDCAT:AE REQUIRING ADDITIONAL DATA,
Acute Kidney Injury - Chronic Urinary Tract Infection,finding_subcategory,terms,FINDSCAT:ACUTE KIDNEY INJURY CONDITIONS,
Acute Kidney Injury - Chronic Urinary Tract Infection,test_code,terms,FATESTCD:AKICURIN,
Acute Kidney Injury - Chronic Urinary Tract Infection,test_name,terms,FATEST:AKI-Chronic Urinary Tract Infection,
Acute Kidney Injury - Conditions,categoric_finding_original_result,,,
Acute Kidney Injury - Conditions,domain,terms,DOMAIN:FA,
Acute Kidney Injury - Conditions,finding_category,terms,FINDCAT:AE REQUIRING ADDITIONAL DATA,
Acute Kidney Injury - Conditions,finding_subcategory,terms,FINDSCAT:ACUTE KIDNEY INJURY CONDITIONS,
Acute Kidney Injury - Conditions,test_code,terms,FATESTCD:AKICONDI,
Acute Kidney Injury - Conditions,test_name,terms,FATEST:AKI-Conditions,
Acute Kidney Injury - Conditions Other,categoric_finding_original_result,,,
Acute Kidney Injury - Conditions Other,domain,terms,DOMAIN:FA,
Acute Kidney Injury - Conditions Other,finding_category,terms,FINDCAT:AE REQUIRING ADDITIONAL DATA,
Acute Kidney Injury - Conditions Other,finding_subcategory,terms,FINDSCAT:ACUTE KIDNEY INJURY CONDITIONS,
Acute Kidney Injury - Conditions Other,test_code,terms,FATESTCD:AKICONOT,
Acute Kidney Injury - Conditions Other,test_name,terms,FATEST:AKI-Conditions Other,
Acute Kidney Injury - Connective Tissue Disease or Vasculitis,categoric_finding_original_result,,,
Acute Kidney Injury - Connective Tissue Disease or Vasculitis,domain,terms,DOMAIN:FA,
Acute Kidney Injury - Connective Tissue Disease or Vasculitis,finding_category,terms,FINDCAT:AE REQUIRING ADDITIONAL DATA,
Acute Kidney Injury - Connective Tissue Disease or Vasculitis,finding_subcategory,terms,FINDSCAT:ACUTE KIDNEY INJURY CONDITIONS,
Acute Kidney Injury - Connective Tissue Disease or Vasculitis,test_code,terms,FATESTCD:AKICTDIV,
Acute Kidney Injury - Connective Tissue Disease or Vasculitis,test_name,terms,FATEST:AKI-Connective Tissue Disease/Vasculitis,
Acute Kidney Injury - CT Scan Performed,categoric_finding_original_result,,,
Acute Kidney Injury - CT Scan Performed,domain,terms,DOMAIN:FA,
Acute Kidney Injury - CT Scan Performed,finding_category,terms,FINDCAT:AE REQUIRING ADDITIONAL DATA,
Acute Kidney Injury - CT Scan Performed,finding_subcategory,terms,FINDSCAT:ACUTE KIDNEY INJURY IMAGING,
Acute Kidney Injury - CT Scan Performed,test_code,terms,FATESTCD:AKICTSCA,
Acute Kidney Injury - CT Scan Performed,test_name,terms,FATEST:AKI-CT Scan,
Acute Kidney Injury - Family History of Kidney Disease,categoric_finding_original_result,,,
Acute Kidney Injury - Family History of Kidney Disease,domain,terms,DOMAIN:FA,
Acute Kidney Injury - Family History of Kidney Disease,finding_category,terms,FINDCAT:AE REQUIRING ADDITIONAL DATA,
Acute Kidney Injury - Family History of Kidney Disease,test_code,terms,FATESTCD:AKIFAMHI,
Acute Kidney Injury - Family History of Kidney Disease,test_name,terms,FATEST:AKI-Family History of Kidney Disease,
Acute Kidney Injury - Hypertension,categoric_finding_original_result,,,
Acute Kidney Injury - Hypertension,domain,terms,DOMAIN:FA,
Acute Kidney Injury - Hypertension,finding_category,terms,FINDCAT:AE REQUIRING ADDITIONAL DATA,
Acute Kidney Injury - Hypertension,finding_subcategory,terms,FINDSCAT:ACUTE KIDNEY INJURY CONDITIONS,
Acute Kidney Injury - Hypertension,test_code,terms,FATESTCD:AKIHYPER,
Acute Kidney Injury - Hypertension,test_name,terms,FATEST:AKI-Hypertension,
Acute Kidney Injury - Other Imaging Performed,categoric_finding_original_result,,,
Acute Kidney Injury - Other Imaging Performed,domain,terms,DOMAIN:FA,
Acute Kidney Injury - Other Imaging Performed,finding_category,terms,FINDCAT:AE REQUIRING ADDITIONAL DATA,
Acute Kidney Injury - Other Imaging Performed,finding_subcategory,terms,FINDSCAT:ACUTE KIDNEY INJURY IMAGING,
Acute Kidney Injury - Other Imaging Performed,test_code,terms,FATESTCD:AKIIMOTH,
Acute Kidney Injury - Other Imaging Performed,test_name,terms,FATEST:AKI-Other Imaging Performed,
Acute Kidney Injury - Imaging Performed,categoric_finding_original_result,,,
Acute Kidney Injury - Imaging Performed,domain,terms,DOMAIN:FA,
Acute Kidney Injury - Imaging Performed,finding_category,terms,FINDCAT:AE REQUIRING ADDITIONAL DATA,
Acute Kidney Injury - Imaging Performed,finding_subcategory,terms,FINDSCAT:ACUTE KIDNEY INJURY IMAGING,
Acute Kidney Injury - Imaging Performed,test_code,terms,FATESTCD:AKIIMAGE,
Acute Kidney Injury - Imaging Performed,test_name,terms,FATEST:AKI-Imaging Performed,
Acute Kidney Injury - Summary of Imaging Results,textual_finding_original_result,,,
Acute Kidney Injury - Summary of Imaging Results,domain,terms,DOMAIN:FA,
Acute Kidney Injury - Summary of Imaging Results,finding_category,terms,FINDCAT:AE REQUIRING ADDITIONAL DATA,
Acute Kidney Injury - Summary of Imaging Results,finding_subcategory,terms,FINDSCAT:ACUTE KIDNEY INJURY IMAGING,
Acute Kidney Injury - Summary of Imaging Results,test_code,terms,FATESTCD:AKIHISTO,
Acute Kidney Injury - Summary of Imaging Results,test_name,terms,FATEST:AKI-Summary of Imaging Results,
Acute Kidney Injury - Increase Serum Creat >= 0.3 mg/dL Within 48 Hours,categoric_finding_original_result,,,
Acute Kidney Injury - Increase Serum Creat >= 0.3 mg/dL Within 48 Hours,specimen,,,
Acute Kidney Injury - Increase Serum Creat >= 0.3 mg/dL Within 48 Hours,domain,terms,DOMAIN:FA,
Acute Kidney Injury - Increase Serum Creat >= 0.3 mg/dL Within 48 Hours,finding_category,terms,FINDCAT:AE REQUIRING ADDITIONAL DATA,
Acute Kidney Injury - Increase Serum Creat >= 0.3 mg/dL Within 48 Hours,finding_subcategory,terms,FINDSCAT:ACUTE KIDNEY INJURY PRESENT,
Acute Kidney Injury - Increase Serum Creat >= 0.3 mg/dL Within 48 Hours,test_code,terms,FATESTCD:AKISC48,
Acute Kidney Injury - Increase Serum Creat >= 0.3 mg/dL Within 48 Hours,test_name,terms,FATEST:AKI-Incr Serum Crea >= 0.3 mg/dL Wth 48H,
Acute Kidney Injury - Increase Serum Creat >= 1.5 Times Baseline Within 7 Days,categoric_finding_original_result,,,
Acute Kidney Injury - Increase Serum Creat >= 1.5 Times Baseline Within 7 Days,specimen,,,
Acute Kidney Injury - Increase Serum Creat >= 1.5 Times Baseline Within 7 Days,domain,terms,DOMAIN:FA,
Acute Kidney Injury - Increase Serum Creat >= 1.5 Times Baseline Within 7 Days,finding_category,terms,FINDCAT:AE REQUIRING ADDITIONAL DATA,
Acute Kidney Injury - Increase Serum Creat >= 1.5 Times Baseline Within 7 Days,finding_subcategory,terms,FINDSCAT:ACUTE KIDNEY INJURY PRESENT,
Acute Kidney Injury - Increase Serum Creat >= 1.5 Times Baseline Within 7 Days,test_code,terms,FATESTCD:AKISCI7D,
Acute Kidney Injury - Increase Serum Creat >= 1.5 Times Baseline Within 7 Days,test_name,terms,FATEST:AKI-Incr Serum Crea >= 1.5 Baseli Wth 7D,
Acute Kidney Injury - Initiation of RAS Blockade,categoric_finding_original_result,,,
Acute Kidney Injury - Initiation of RAS Blockade,domain,terms,DOMAIN:FA,
Acute Kidney Injury - Initiation of RAS Blockade,finding_category,terms,FINDCAT:AE REQUIRING ADDITIONAL DATA,
Acute Kidney Injury - Initiation of RAS Blockade,finding_subcategory,terms,FINDSCAT:ACUTE KIDNEY INJURY NEPHROTOXIC TREATMENTS,
Acute Kidney Injury - Initiation of RAS Blockade,test_code,terms,FATESTCD:AKIRASBL,
Acute Kidney Injury - Initiation of RAS Blockade,test_name,terms,FATEST:AKI-Nephrotoxic Treatment RAS Blockade,
Acute Kidney Injury - IV Contrast,categoric_finding_original_result,,,
Acute Kidney Injury - IV Contrast,domain,terms,DOMAIN:FA,
Acute Kidney Injury - IV Contrast,finding_category,terms,FINDCAT:AE REQUIRING ADDITIONAL DATA,
Acute Kidney Injury - IV Contrast,finding_subcategory,terms,FINDSCAT:ACUTE KIDNEY INJURY NEPHROTOXIC TREATMENTS,
Acute Kidney Injury - IV Contrast,test_code,terms,FATESTCD:AKIIVCON,
Acute Kidney Injury - IV Contrast,test_name,terms,FATEST:AKI-Nephrotoxic Treatment IV Contrast,
Acute Kidney Injury - Summary of Biopsy Histology Results,textual_finding_original_result,,,
Acute Kidney Injury - Summary of Biopsy Histology Results,domain,terms,DOMAIN:FA,
Acute Kidney Injury - Summary of Biopsy Histology Results,finding_category,terms,FINDCAT:AE REQUIRING ADDITIONAL DATA,
Acute Kidney Injury - Summary of Biopsy Histology Results,finding_subcategory,terms,FINDSCAT:ACUTE KIDNEY INJURY BIOPSY,
Acute Kidney Injury - Summary of Biopsy Histology Results,test_code,terms,FATESTCD:AKIBIHIS,
Acute Kidney Injury - Summary of Biopsy Histology Results,test_name,terms,FATEST:AKI-Summary of Biopsy Histology Results,
Acute Kidney Injury - Kidney Biopsy Performed,categoric_finding_original_result,,,
Acute Kidney Injury - Kidney Biopsy Performed,domain,terms,DOMAIN:FA,
Acute Kidney Injury - Kidney Biopsy Performed,finding_category,terms,FINDCAT:AE REQUIRING ADDITIONAL DATA,
Acute Kidney Injury - Kidney Biopsy Performed,finding_subcategory,terms,FINDSCAT:ACUTE KIDNEY INJURY BIOPSY,
Acute Kidney Injury - Kidney Biopsy Performed,test_code,terms,FATESTCD:AKIBIOPS,
Acute Kidney Injury - Kidney Biopsy Performed,test_name,terms,FATEST:AKI-Kidney Biopsy Performed,
Acute Kidney Injury - Nephrotoxic Treatment Received Within Last 3 Months,categoric_finding_original_result,,,
Acute Kidney Injury - Nephrotoxic Treatment Received Within Last 3 Months,domain,terms,DOMAIN:FA,
Acute Kidney Injury - Nephrotoxic Treatment Received Within Last 3 Months,finding_category,terms,FINDCAT:AE REQUIRING ADDITIONAL DATA,
Acute Kidney Injury - Nephrotoxic Treatment Received Within Last 3 Months,finding_subcategory,terms,FINDSCAT:ACUTE KIDNEY INJURY NEPHROTOXIC TREATMENTS,
Acute Kidney Injury - Nephrotoxic Treatment Received Within Last 3 Months,test_code,terms,FATESTCD:AKINDA3M,
Acute Kidney Injury - Nephrotoxic Treatment Received Within Last 3 Months,test_name,terms,FATEST:AKI-Nephrotoxic Treatment Last 3 Months,
Acute Kidney Injury - Nephrotoxic Treatment Other,categoric_finding_original_result,,,
Acute Kidney Injury - Nephrotoxic Treatment Other,domain,terms,DOMAIN:FA,
Acute Kidney Injury - Nephrotoxic Treatment Other,finding_category,terms,FINDCAT:AE REQUIRING ADDITIONAL DATA,
Acute Kidney Injury - Nephrotoxic Treatment Other,finding_subcategory,terms,FINDSCAT:ACUTE KIDNEY INJURY NEPHROTOXIC TREATMENTS,
Acute Kidney Injury - Nephrotoxic Treatment Other,test_code,terms,FATESTCD:AKINDAOT,
Acute Kidney Injury - Nephrotoxic Treatment Other,test_name,terms,FATEST:AKI-Nephrotoxic Treatment Other,
Acute Kidney Injury - NSAIDs,categoric_finding_original_result,,,
Acute Kidney Injury - NSAIDs,domain,terms,DOMAIN:FA,
Acute Kidney Injury - NSAIDs,finding_category,terms,FINDCAT:AE REQUIRING ADDITIONAL DATA,
Acute Kidney Injury - NSAIDs,finding_subcategory,terms,FINDSCAT:ACUTE KIDNEY INJURY NEPHROTOXIC TREATMENTS,
Acute Kidney Injury - NSAIDs,test_code,terms,FATESTCD:AKINSAID,
Acute Kidney Injury - NSAIDs,test_name,terms,FATEST:AKI-Nephrotoxic Treatment NSAIDs,
Acute Kidney Injury - Post-Renal Obstructive Disease,categoric_finding_original_result,,,
Acute Kidney Injury - Post-Renal Obstructive Disease,domain,terms,DOMAIN:FA,
Acute Kidney Injury - Post-Renal Obstructive Disease,finding_category,terms,FINDCAT:AE REQUIRING ADDITIONAL DATA,
Acute Kidney Injury - Post-Renal Obstructive Disease,finding_subcategory,terms,FINDSCAT:ACUTE KIDNEY INJURY CONDITIONS,
Acute Kidney Injury - Post-Renal Obstructive Disease,test_code,terms,FATESTCD:AKIPROBS,
Acute Kidney Injury - Post-Renal Obstructive Disease,test_name,terms,FATEST:AKI-Post-renal Obstructive Disease,
Acute Kidney Injury - Present Other,categoric_finding_original_result,,,
Acute Kidney Injury - Present Other,domain,terms,DOMAIN:FA,
Acute Kidney Injury - Present Other,finding_category,terms,FINDCAT:AE REQUIRING ADDITIONAL DATA,
Acute Kidney Injury - Present Other,finding_subcategory,terms,FINDSCAT:ACUTE KIDNEY INJURY PRESENT,
Acute Kidney Injury - Present Other,test_code,terms,FATESTCD:AKIPROTH,
Acute Kidney Injury - Present Other,test_name,terms,FATEST:AKI-Present Other,
Acute Kidney Injury - Primary Glomerulonephritis,categoric_finding_original_result,,,
Acute Kidney Injury - Primary Glomerulonephritis,domain,terms,DOMAIN:FA,
Acute Kidney Injury - Primary Glomerulonephritis,finding_category,terms,FINDCAT:AE REQUIRING ADDITIONAL DATA,
Acute Kidney Injury - Primary Glomerulonephritis,finding_subcategory,terms,FINDSCAT:ACUTE KIDNEY INJURY CONDITIONS,
Acute Kidney Injury - Primary Glomerulonephritis,test_code,terms,FATESTCD:AKIPRGLO,
Acute Kidney Injury - Primary Glomerulonephritis,test_name,terms,FATEST:AKI-Primary Glomerulonephritis,
Acute Kidney Injury - Progression of Chronic Kidney Disease,categoric_finding_original_result,,,
Acute Kidney Injury - Progression of Chronic Kidney Disease,domain,terms,DOMAIN:FA,
Acute Kidney Injury - Progression of Chronic Kidney Disease,finding_category,terms,FINDCAT:AE REQUIRING ADDITIONAL DATA,
Acute Kidney Injury - Progression of Chronic Kidney Disease,finding_subcategory,terms,FINDSCAT:ACUTE KIDNEY INJURY CONDITIONS,
Acute Kidney Injury - Progression of Chronic Kidney Disease,test_code,terms,FATESTCD:AKIPRCKD,
Acute Kidney Injury - Progression of Chronic Kidney Disease,test_name,terms,FATEST:AKI-Chronic Kidney Disease Progression,
Acute Kidney Injury - Recent Streptococcal Infection,categoric_finding_original_result,,,
Acute Kidney Injury - Recent Streptococcal Infection,domain,terms,DOMAIN:FA,
Acute Kidney Injury - Recent Streptococcal Infection,finding_category,terms,FINDCAT:AE REQUIRING ADDITIONAL DATA,
Acute Kidney Injury - Recent Streptococcal Infection,finding_subcategory,terms,FINDSCAT:ACUTE KIDNEY INJURY CONDITIONS,
Acute Kidney Injury - Recent Streptococcal Infection,test_code,terms,FATESTCD:AKISTREP,
Acute Kidney Injury - Recent Streptococcal Infection,test_name,terms,FATEST:AKI-Recent Streptococcal Infection,
Acute Kidney Injury - Renal Angio-Imaging Performed,categoric_finding_original_result,,,
Acute Kidney Injury - Renal Angio-Imaging Performed,domain,terms,DOMAIN:FA,
Acute Kidney Injury - Renal Angio-Imaging Performed,finding_category,terms,FINDCAT:AE REQUIRING ADDITIONAL DATA,
Acute Kidney Injury - Renal Angio-Imaging Performed,finding_subcategory,terms,FINDSCAT:ACUTE KIDNEY INJURY IMAGING,
Acute Kidney Injury - Renal Angio-Imaging Performed,test_code,terms,FATESTCD:AKIRANIM,
Acute Kidney Injury - Renal Angio-Imaging Performed,test_name,terms,FATEST:AKI-Renal Angio-imaging,
Acute Kidney Injury - Renal Artery Stenosis,categoric_finding_original_result,,,
Acute Kidney Injury - Renal Artery Stenosis,domain,terms,DOMAIN:FA,
Acute Kidney Injury - Renal Artery Stenosis,finding_category,terms,FINDCAT:AE REQUIRING ADDITIONAL DATA,
Acute Kidney Injury - Renal Artery Stenosis,finding_subcategory,terms,FINDSCAT:ACUTE KIDNEY INJURY CONDITIONS,
Acute Kidney Injury - Renal Artery Stenosis,test_code,terms,FATESTCD:AKIREAST,
Acute Kidney Injury - Renal Artery Stenosis,test_name,terms,FATEST:AKI-Renal Artery Stenosis,
Acute Kidney Injury - Renal Vein Thrombosis,categoric_finding_original_result,,,
Acute Kidney Injury - Renal Vein Thrombosis,domain,terms,DOMAIN:FA,
Acute Kidney Injury - Renal Vein Thrombosis,finding_category,terms,FINDCAT:AE REQUIRING ADDITIONAL DATA,
Acute Kidney Injury - Renal Vein Thrombosis,finding_subcategory,terms,FINDSCAT:ACUTE KIDNEY INJURY CONDITIONS,
Acute Kidney Injury - Renal Vein Thrombosis,test_code,terms,FATESTCD:AKIREVET,
Acute Kidney Injury - Renal Vein Thrombosis,test_name,terms,FATEST:AKI-Renal Vein Thrombosis,
Acute Kidney Injury - Systemic Autoimmune Disease,categoric_finding_original_result,,,
Acute Kidney Injury - Systemic Autoimmune Disease,domain,terms,DOMAIN:FA,
Acute Kidney Injury - Systemic Autoimmune Disease,finding_category,terms,FINDCAT:AE REQUIRING ADDITIONAL DATA,
Acute Kidney Injury - Systemic Autoimmune Disease,finding_subcategory,terms,FINDSCAT:ACUTE KIDNEY INJURY CONDITIONS,
Acute Kidney Injury - Systemic Autoimmune Disease,test_code,terms,FATESTCD:AKISYAUD,
Acute Kidney Injury - Systemic Autoimmune Disease,test_name,terms,FATEST:AKI-Systemic Autoimmune Disease,
Acute Kidney Injury - Ultrasound Performed,categoric_finding_original_result,,,
Acute Kidney Injury - Ultrasound Performed,domain,terms,DOMAIN:FA,
Acute Kidney Injury - Ultrasound Performed,finding_category,terms,FINDCAT:AE REQUIRING ADDITIONAL DATA,
Acute Kidney Injury - Ultrasound Performed,finding_subcategory,terms,FINDSCAT:ACUTE KIDNEY INJURY IMAGING,
Acute Kidney Injury - Ultrasound Performed,test_code,terms,FATESTCD:AKIULTRA,
Acute Kidney Injury - Ultrasound Performed,test_name,terms,FATEST:AKI-Ultrasound,
Acute Kidney Injury - Urine Volume < 0.5 mL/kg/h for 6 Hours,categoric_finding_original_result,,,
Acute Kidney Injury - Urine Volume < 0.5 mL/kg/h for 6 Hours,specimen,,,
Acute Kidney Injury - Urine Volume < 0.5 mL/kg/h for 6 Hours,domain,terms,DOMAIN:FA,
Acute Kidney Injury - Urine Volume < 0.5 mL/kg/h for 6 Hours,finding_category,terms,FINDCAT:AE REQUIRING ADDITIONAL DATA,
Acute Kidney Injury - Urine Volume < 0.5 mL/kg/h for 6 Hours,finding_subcategory,terms,FINDSCAT:ACUTE KIDNEY INJURY PRESENT,
Acute Kidney Injury - Urine Volume < 0.5 mL/kg/h for 6 Hours,test_code,terms,FATESTCD:AKIUV6H,
Acute Kidney Injury - Urine Volume < 0.5 mL/kg/h for 6 Hours,test_name,terms,FATEST:AKI-Urine Vol < 0.5 mL/kg/h for 6 Hours,
Adjudication Outcome,categoric_finding_original_result,,,
Adjudication Outcome,domain,terms,DOMAIN:ZA,
Adjudication Outcome,finding_category,terms,FINDCAT:EVENT ADJUDICATION,
Adjudication Outcome,test_code,terms,ZATESTCD:ADJOUT,
Adjudication Outcome,test_name,terms,ZATEST:Adjudication Outcome,
Adverse Event,domain,terms,DOMAIN:AE,
Adverse Event,finding_category,terms,FINDCAT:ADVERSE EVENT,
Adverse Event,finding_subcategory,terms,FINDSCAT:ADVERSE EVENT,
"Albumin, AE Requiring Additional Data",numeric_finding_original_result,,,
"Albumin, AE Requiring Additional Data",numeric_finding_original_result_unit,,,
"Albumin, AE Requiring Additional Data",domain,terms,DOMAIN:LB,
"Albumin, AE Requiring Additional Data",finding_category,terms,FINDCAT:AE REQUIRING ADDITIONAL DATA,
"Albumin, AE Requiring Additional Data",unit_dimension,terms,UNITDIM:CONCENTRATION,
"Albumin, AE Requiring Additional Data",standard_unit,units,g/L,
"Albumin, AE Requiring Additional Data",molecular_weight,,,
"Albumin, AE Requiring Additional Data",test_code,terms,LBTESTCD:ALB,
"Albumin, AE Requiring Additional Data",test_name,terms,LBTEST:Albumin,
Urinary Albumin Excretion,textual_finding_original_result,,,
Urinary Albumin Excretion,specimen,,,
Urinary Albumin Excretion,domain,terms,DOMAIN:LB,
Urinary Albumin Excretion,finding_category,terms,FINDCAT:AE REQUIRING ADDITIONAL DATA,
Urinary Albumin Excretion,finding_subcategory,terms,FINDSCAT:RENAL EVENT,
Urinary Albumin Excretion,test_code,terms,LBTESTCD:ALB,
Urinary Albumin Excretion,test_name,terms,LBTEST:Albumin,
Albumin/Creatinine,numeric_finding_original_result,,,
Albumin/Creatinine,numeric_finding_original_result_unit,,,
Albumin/Creatinine,domain,terms,DOMAIN:LB,
Albumin/Creatinine,finding_category,terms,FINDCAT:AE REQUIRING ADDITIONAL DATA,
Albumin/Creatinine,unit_dimension,terms,UNITDIM:CONCENTRATION,
Albumin/Creatinine,standard_unit,units,mg/mmol,
Albumin/Creatinine,test_code,terms,LBTESTCD:ALBCREAT,
Albumin/Creatinine,test_name,terms,LBTEST:Albumin/Creatinine,
Albumin/Creatinine Ratio,numeric_finding_original_result,,,
Albumin/Creatinine Ratio,numeric_finding_original_result_unit,,,
Albumin/Creatinine Ratio,specimen,,,
Albumin/Creatinine Ratio,domain,terms,DOMAIN:LB,
Albumin/Creatinine Ratio,finding_category,terms,FINDCAT:URINALYSIS,
Albumin/Creatinine Ratio,unit_dimension,terms,UNITDIM:CONCENTRATION,
Albumin/Creatinine Ratio,standard_unit,units,mg/mmol,
Albumin/Creatinine Ratio,loinc,,,
Albumin/Creatinine Ratio,test_code,terms,LBTESTCD:ALBCREAT,
Albumin/Creatinine Ratio,test_name,terms,LBTEST:Albumin/Creatinine,
Albumin Urine,numeric_finding_original_result,,,
Albumin Urine,numeric_finding_original_result_unit,,,
Albumin Urine,specimen,,,
Albumin Urine,domain,terms,DOMAIN:LB,
Albumin Urine,finding_category,terms,FINDCAT:URINALYSIS,
Albumin Urine,unit_dimension,terms,UNITDIM:CONCENTRATION,
Albumin Urine,standard_unit,units,mg/L,
Albumin Urine,molecular_weight,,,
Albumin Urine,loinc,,,
Albumin Urine,test_code,terms,LBTESTCD:ALB,
Albumin Urine,test_name,terms,LBTEST:Albumin,
"Albumin, g/dL",numeric_finding_original_result,,,
"Albumin, g/dL",numeric_finding_original_result_unit,,,
"Albumin, g/dL",specimen,,,
"Albumin, g/dL",domain,terms,DOMAIN:LB,
"Albumin, g/dL",finding_category,terms,FINDCAT:BIOCHEMISTRY,
"Albumin, g/dL",unit_dimension,terms,UNITDIM:CONCENTRATION,
"Albumin, g/dL",standard_unit,units,g/dL,
"Albumin, g/dL",molecular_weight,,,
"Albumin, g/dL",loinc,,,
"Albumin, g/dL",test_code,terms,LBTESTCD:ALB,
"Albumin, g/dL",test_name,terms,LBTEST:Albumin,
"Alkaline Phosphatase, AE Requiring Additional Data",numeric_finding_original_result,,,
"Alkaline Phosphatase, AE Requiring Additional Data",numeric_finding_original_result_unit,,,
"Alkaline Phosphatase, AE Requiring Additional Data",domain,terms,DOMAIN:LB,
"Alkaline Phosphatase, AE Requiring Additional Data",finding_category,terms,FINDCAT:AE REQUIRING ADDITIONAL DATA,
"Alkaline Phosphatase, AE Requiring Additional Data",unit_dimension,terms,UNITDIM:U_IU Concentration,
"Alkaline Phosphatase, AE Requiring Additional Data",standard_unit,units,IU/L,
"Alkaline Phosphatase, AE Requiring Additional Data",test_code,terms,LBTESTCD:ALP,
"Alkaline Phosphatase, AE Requiring Additional Data",test_name,terms,LBTEST:Alkaline Phosphatase,
"Alanine Aminotransferase, AE Requiring Additional Data",numeric_finding_original_result,,,
"Alanine Aminotransferase, AE Requiring Additional Data",numeric_finding_original_result_unit,,,
"Alanine Aminotransferase, AE Requiring Additional Data",domain,terms,DOMAIN:LB,
"Alanine Aminotransferase, AE Requiring Additional Data",finding_category,terms,FINDCAT:AE REQUIRING ADDITIONAL DATA,
"Alanine Aminotransferase, AE Requiring Additional Data",unit_dimension,terms,UNITDIM:U_IU Concentration,
"Alanine Aminotransferase, AE Requiring Additional Data",standard_unit,units,U/L,
"Alanine Aminotransferase, AE Requiring Additional Data",test_code,terms,LBTESTCD:ALT,
"Alanine Aminotransferase, AE Requiring Additional Data",test_name,terms,LBTEST:Alanine Aminotransferase,
"Alanine Aminotransferase, Biochemistry",numeric_finding_original_result,,,
"Alanine Aminotransferase, Biochemistry",numeric_finding_original_result_unit,,,
"Alanine Aminotransferase, Biochemistry",specimen,,,
"Alanine Aminotransferase, Biochemistry",domain,terms,DOMAIN:LB,
"Alanine Aminotransferase, Biochemistry",finding_category,terms,FINDCAT:BIOCHEMISTRY,
"Alanine Aminotransferase, Biochemistry",unit_dimension,terms,UNITDIM:U_IU Concentration,
"Alanine Aminotransferase, Biochemistry",standard_unit,units,U/L,
"Alanine Aminotransferase, Biochemistry",loinc,,,
"Alanine Aminotransferase, Biochemistry",test_code,terms,LBTESTCD:ALT,
"Alanine Aminotransferase, Biochemistry",test_name,terms,LBTEST:Alanine Aminotransferase,
Ammonia,numeric_finding_original_result,,,
Ammonia,numeric_finding_original_result_unit,,,
Ammonia,domain,terms,DOMAIN:LB,
Ammonia,finding_category,terms,FINDCAT:AE REQUIRING ADDITIONAL DATA,
Ammonia,unit_dimension,terms,UNITDIM:CONCENTRATION,
Ammonia,standard_unit,units,mg/L,
Ammonia,molecular_weight,,,
Ammonia,test_code,terms,LBTESTCD:AMMONIA,
Ammonia,test_name,terms,LBTEST:Ammonia,
"Amylase, AE Requiring Additional Data",numeric_finding_original_result,,,
"Amylase, AE Requiring Additional Data",numeric_finding_original_result_unit,,,
"Amylase, AE Requiring Additional Data",domain,terms,DOMAIN:LB,
"Amylase, AE Requiring Additional Data",finding_category,terms,FINDCAT:AE REQUIRING ADDITIONAL DATA,
"Amylase, AE Requiring Additional Data",unit_dimension,terms,UNITDIM:U_IU Concentration,
"Amylase, AE Requiring Additional Data",standard_unit,units,U/L,
"Amylase, AE Requiring Additional Data",test_code,terms,LBTESTCD:AMYLASE,
"Amylase, AE Requiring Additional Data",test_name,terms,LBTEST:Amylase,
"Amylase, Biochemistry",numeric_finding_original_result,,,
"Amylase, Biochemistry",numeric_finding_original_result_unit,,,
"Amylase, Biochemistry",specimen,,,
"Amylase, Biochemistry",domain,terms,DOMAIN:LB,
"Amylase, Biochemistry",finding_category,terms,FINDCAT:BIOCHEMISTRY,
"Amylase, Biochemistry",unit_dimension,terms,UNITDIM:U_IU Concentration,
"Amylase, Biochemistry",standard_unit,units,U/L,
"Amylase, Biochemistry",loinc,,,
"Amylase, Biochemistry",test_code,terms,LBTESTCD:AMYLASE,
"Amylase, Biochemistry",test_name,terms,LBTEST:Amylase,
"Alkaline Phosphatase, Biochemistry",numeric_finding_original_result,,,
"Alkaline Phosphatase, Biochemistry",numeric_finding_original_result_unit,,,
"Alkaline Phosphatase, Biochemistry",specimen,,,
"Alkaline Phosphatase, Biochemistry",domain,terms,DOMAIN:LB,
"Alkaline Phosphatase, Biochemistry",finding_category,terms,FINDCAT:BIOCHEMISTRY,
"Alkaline Phosphatase, Biochemistry",unit_dimension,terms,UNITDIM:U_IU Concentration,
"Alkaline Phosphatase, Biochemistry",standard_unit,units,U/L,
"Alkaline Phosphatase, Biochemistry",loinc,,,
"Alkaline Phosphatase, Biochemistry",test_code,terms,LBTESTCD:ALP,
"Alkaline Phosphatase, Biochemistry",test_name,terms,LBTEST:Alkaline Phosphatase,
"Aspartate Aminotransferase, AE Requiring Additional Data",numeric_finding_original_result,,,
"Aspartate Aminotransferase, AE Requiring Additional Data",numeric_finding_original_result_unit,,,
"Aspartate Aminotransferase, AE Requiring Additional Data",domain,terms,DOMAIN:LB,
"Aspartate Aminotransferase, AE Requiring Additional Data",finding_category,terms,FINDCAT:AE REQUIRING ADDITIONAL DATA,
"Aspartate Aminotransferase, AE Requiring Additional Data",unit_dimension,terms,UNITDIM:U_IU Concentration,
"Aspartate Aminotransferase, AE Requiring Additional Data",standard_unit,units,U/L,
"Aspartate Aminotransferase, AE Requiring Additional Data",test_code,terms,LBTESTCD:AST,
"Aspartate Aminotransferase, AE Requiring Additional Data",test_name,terms,LBTEST:Aspartate Aminotransferase,
"Aspartate Aminotransferase, Biochemistry",numeric_finding_original_result,,,
"Aspartate Aminotransferase, Biochemistry",numeric_finding_original_result_unit,,,
"Aspartate Aminotransferase, Biochemistry",specimen,,,
"Aspartate Aminotransferase, Biochemistry",domain,terms,DOMAIN:LB,
"Aspartate Aminotransferase, Biochemistry",finding_category,terms,FINDCAT:BIOCHEMISTRY,
"Aspartate Aminotransferase, Biochemistry",unit_dimension,terms,UNITDIM:U_IU Concentration,
"Aspartate Aminotransferase, Biochemistry",standard_unit,units,U/L,
"Aspartate Aminotransferase, Biochemistry",loinc,,,
"Aspartate Aminotransferase, Biochemistry",test_code,terms,LBTESTCD:AST,
"Aspartate Aminotransferase, Biochemistry",test_name,terms,LBTEST:Aspartate Aminotransferase,
BG Super GL Analyzer,numeric_finding_original_result,,,
BG Super GL Analyzer,numeric_finding_original_result_unit,,,
BG Super GL Analyzer,domain,terms,DOMAIN:LB,
BG Super GL Analyzer,finding_category,terms,FINDCAT:GLUCOSE METABOLISM,
BG Super GL Analyzer,unit_dimension,terms,UNITDIM:CONCENTRATION,
BG Super GL Analyzer,standard_unit,units,mmol/L,
BG Super GL Analyzer,molecular_weight,,,
BG Super GL Analyzer,test_code,terms,LBTESTCD:GLUC,
BG Super GL Analyzer,test_name,terms,LBTEST:Glucose,
"Direct Bilirubin, AE Requiring Additional Data",numeric_finding_original_result,,,
"Direct Bilirubin, AE Requiring Additional Data",numeric_finding_original_result_unit,,,
"Direct Bilirubin, AE Requiring Additional Data",domain,terms,DOMAIN:LB,
"Direct Bilirubin, AE Requiring Additional Data",finding_category,terms,FINDCAT:AE REQUIRING ADDITIONAL DATA,
"Direct Bilirubin, AE Requiring Additional Data",unit_dimension,terms,UNITDIM:CONCENTRATION,
"Direct Bilirubin, AE Requiring Additional Data",standard_unit,units,umol/L,
"Direct Bilirubin, AE Requiring Additional Data",molecular_weight,,,
"Direct Bilirubin, AE Requiring Additional Data",test_code,terms,LBTESTCD:BILDIR,
"Direct Bilirubin, AE Requiring Additional Data",test_name,terms,LBTEST:Direct Bilirubin,
"Bilirubin, AE Requiring Additional Data",numeric_finding_original_result,,,
"Bilirubin, AE Requiring Additional Data",numeric_finding_original_result_unit,,,
"Bilirubin, AE Requiring Additional Data",domain,terms,DOMAIN:LB,
"Bilirubin, AE Requiring Additional Data",finding_category,terms,FINDCAT:AE REQUIRING ADDITIONAL DATA,
"Bilirubin, AE Requiring Additional Data",unit_dimension,terms,UNITDIM:CONCENTRATION,
"Bilirubin, AE Requiring Additional Data",standard_unit,units,umol/L,
"Bilirubin, AE Requiring Additional Data",molecular_weight,,,
"Bilirubin, AE Requiring Additional Data",test_code,terms,LBTESTCD:BILI,
"Bilirubin, AE Requiring Additional Data",test_name,terms,LBTEST:Bilirubin,
"Indirect Bilirubin, AE Requiring Additional Data",numeric_finding_original_result,,,
"Indirect Bilirubin, AE Requiring Additional Data",numeric_finding_original_result_unit,,,
"Indirect Bilirubin, AE Requiring Additional Data",domain,terms,DOMAIN:LB,
"Indirect Bilirubin, AE Requiring Additional Data",finding_category,terms,FINDCAT:AE REQUIRING ADDITIONAL DATA,
"Indirect Bilirubin, AE Requiring Additional Data",unit_dimension,terms,UNITDIM:CONCENTRATION,
"Indirect Bilirubin, AE Requiring Additional Data",standard_unit,units,umol/L,
"Indirect Bilirubin, AE Requiring Additional Data",molecular_weight,,,
"Indirect Bilirubin, AE Requiring Additional Data",test_code,terms,LBTESTCD:BILIND,
"Indirect Bilirubin, AE Requiring Additional Data",test_name,terms,LBTEST:Indirect Bilirubin,
"Bilirubin, Biochemistry",numeric_finding_original_result,,,
"Bilirubin, Biochemistry",numeric_finding_original_result_unit,,,
"Bilirubin, Biochemistry",specimen,,,
"Bilirubin, Biochemistry",domain,terms,DOMAIN:LB,
"Bilirubin, Biochemistry",finding_category,terms,FINDCAT:BIOCHEMISTRY,
"Bilirubin, Biochemistry",unit_dimension,terms,UNITDIM:CONCENTRATION,
"Bilirubin, Biochemistry",standard_unit,units,umol/L,
"Bilirubin, Biochemistry",molecular_weight,,,
"Bilirubin, Biochemistry",loinc,,,
"Bilirubin, Biochemistry",test_code,terms,LBTESTCD:BILI,
"Bilirubin, Biochemistry",test_name,terms,LBTEST:Bilirubin,
Bilirubin Urine,categoric_finding_original_result,,,
Bilirubin Urine,specimen,,,
Bilirubin Urine,domain,terms,DOMAIN:LB,
Bilirubin Urine,finding_category,terms,FINDCAT:URINALYSIS,
Bilirubin Urine,test_code,terms,LBTESTCD:BILI,
Bilirubin Urine,test_name,terms,LBTEST:Bilirubin,
Have All Blood Samples Been Taken,categoric_finding_original_result,,,
Have All Blood Samples Been Taken,specimen,,,
Have All Blood Samples Been Taken,domain,terms,DOMAIN:LB,
Have All Blood Samples Been Taken,finding_category,terms,FINDCAT:COLLECTION OF SAMPLES,
Have All Blood Samples Been Taken,test_code,terms,LBTESTCD:LBALL,
Have All Blood Samples Been Taken,test_name,terms,LBTEST:Have All Samples Been Taken,
Urea Nitrogen,numeric_finding_original_result,,,
Urea Nitrogen,numeric_finding_original_result_unit,,,
Urea Nitrogen,specimen,,,
Urea Nitrogen,domain,terms,DOMAIN:LB,
Urea Nitrogen,finding_category,terms,FINDCAT:AE REQUIRING ADDITIONAL DATA,
Urea Nitrogen,unit_dimension,terms,UNITDIM:CONCENTRATION,
Urea Nitrogen,standard_unit,units,mg/dL,
Urea Nitrogen,molecular_weight,,,
Urea Nitrogen,test_code,terms,LBTESTCD:UREAN,
Urea Nitrogen,test_name,terms,LBTEST:Urea Nitrogen,
Body Temperature,numeric_finding_original_result,,,
Body Temperature,numeric_finding_original_result_unit,,,
Body Temperature,domain,terms,DOMAIN:VS,
Body Temperature,finding_category,terms,FINDCAT:VITAL SIGNS,
Body Temperature,unit_dimension,terms,UNITDIM:TEMPERATURE,
Body Temperature,location,terms,LOC:AXILLARY||RECTAL||SKIN||ORAL CAVITY||EAR,
Body Temperature,standard_unit,units,C,
Body Temperature,position,terms,POSITION:SUPINE,
Body Temperature,test_code,terms,VSTESTCD:TEMP,
Body Temperature,test_name,terms,VSTEST:Temperature,
Body Weight,numeric_finding_original_result,,,
Body Weight,numeric_finding_original_result_unit,,,
Body Weight,domain,terms,DOMAIN:VS,
Body Weight,finding_category,terms,FINDCAT:BODY MEASUREMENT,
Body Weight,unit_dimension,terms,UNITDIM:WEIGHT,
Body Weight,standard_unit,units,kg,
Body Weight,fasting_status,,,
Body Weight,test_code,terms,VSTESTCD:WEIGHT,
Body Weight,test_name,terms,VSTEST:Weight,
Diastolic Blood Pressure,numeric_finding_original_result,,,
Diastolic Blood Pressure,numeric_finding_original_result_unit,,,
Diastolic Blood Pressure,domain,terms,DOMAIN:VS,
Diastolic Blood Pressure,finding_category,terms,FINDCAT:VITAL SIGNS,
Diastolic Blood Pressure,unit_dimension,terms,UNITDIM:PRESSURE,
Diastolic Blood Pressure,laterality,terms,LAT:LEFT||RIGHT,
Diastolic Blood Pressure,location,terms,LOC:ARM,
Diastolic Blood Pressure,standard_unit,units,mmHg,
Diastolic Blood Pressure,position,terms,POSITION:SUPINE||SITTING,
Diastolic Blood Pressure,test_code,terms,VSTESTCD:DIABP,
Diastolic Blood Pressure,test_name,terms,VSTEST:Diastolic Blood Pressure,
Systolic Blood Pressure,numeric_finding_original_result,,,
Systolic Blood Pressure,numeric_finding_original_result_unit,,,
Systolic Blood Pressure,domain,terms,DOMAIN:VS,
Systolic Blood Pressure,finding_category,terms,FINDCAT:VITAL SIGNS,
Systolic Blood Pressure,unit_dimension,terms,UNITDIM:PRESSURE,
Systolic Blood Pressure,laterality,terms,LAT:LEFT||RIGHT,
Systolic Blood Pressure,location,terms,LOC:ARM,
Systolic Blood Pressure,standard_unit,units,mmHg,
Systolic Blood Pressure,position,terms,POSITION:SUPINE||SITTING,
Systolic Blood Pressure,test_code,terms,VSTESTCD:SYSBP,
Systolic Blood Pressure,test_name,terms,VSTEST:Systolic Blood Pressure,
Cause of Death,categoric_finding_original_result,,,
Cause of Death,domain,terms,DOMAIN:ZA,
Cause of Death,finding_category,terms,FINDCAT:EVENT ADJUDICATION,
Cause of Death,test_code,terms,ZATESTCD:CAUSEDEA,
Cause of Death,test_name,terms,ZATEST:Cause of Death,
CGM - Sensor Value,numeric_finding_original_result,,,
CGM - Sensor Value,numeric_finding_original_result_unit,,,
CGM - Sensor Value,domain,terms,DOMAIN:LB,
CGM - Sensor Value,finding_category,terms,FINDCAT:CGM,
CGM - Sensor Value,unit_dimension,terms,UNITDIM:CONCENTRATION,
CGM - Sensor Value,standard_unit,units,mmol/L,
CGM - Sensor Value,molecular_weight,,,
CGM - Sensor Value,test_code,terms,LBTESTCD:GLUC,
CGM - Sensor Value,test_name,terms,LBTEST:Glucose,
Imaging Findings Characteristic of Pancreatitis,categoric_finding_original_result,,,
Imaging Findings Characteristic of Pancreatitis,domain,terms,DOMAIN:ZA,
Imaging Findings Characteristic of Pancreatitis,finding_category,terms,FINDCAT:EVENT ADJUDICATION,
Imaging Findings Characteristic of Pancreatitis,test_code,terms,ZATESTCD:IMAGFIND,
Imaging Findings Characteristic of Pancreatitis,test_name,terms,ZATEST:Imaging Characteristic of Pancreatitis,
Is the Subject of Childbearing Potential,categoric_finding_original_result,,,
Is the Subject of Childbearing Potential,domain,terms,DOMAIN:RP,
Is the Subject of Childbearing Potential,test_code,terms,RPTESTCD:CHILDPOT,
Is the Subject of Childbearing Potential,test_name,terms,RPTEST:Childbearing Potential,
Classification of Myocardial Infarction,categoric_finding_original_result,,,
Classification of Myocardial Infarction,domain,terms,DOMAIN:ZA,
Classification of Myocardial Infarction,finding_category,terms,FINDCAT:EVENT ADJUDICATION,
Classification of Myocardial Infarction,test_code,terms,ZATESTCD:CLASSMYF,
Classification of Myocardial Infarction,test_name,terms,ZATEST:Classification of Myocardial Infarction,
Creatinine Clearance,numeric_finding_original_result,,,
Creatinine Clearance,numeric_finding_original_result_unit,,,
Creatinine Clearance,domain,terms,DOMAIN:LB,
Creatinine Clearance,finding_category,terms,FINDCAT:AE REQUIRING ADDITIONAL DATA,
Creatinine Clearance,unit_dimension,terms,UNITDIM:FLOW,
Creatinine Clearance,standard_unit,units,mL/min,
Creatinine Clearance,test_code,terms,LBTESTCD:CREATCLR,
Creatinine Clearance,test_name,terms,LBTEST:Creatinine Clearance,
"Creatinine, Biochemistry",numeric_finding_original_result,,,
"Creatinine, Biochemistry",numeric_finding_original_result_unit,,,
"Creatinine, Biochemistry",specimen,,,
"Creatinine, Biochemistry",domain,terms,DOMAIN:LB,
"Creatinine, Biochemistry",finding_category,terms,FINDCAT:BIOCHEMISTRY,
"Creatinine, Biochemistry",unit_dimension,terms,UNITDIM:CONCENTRATION,
"Creatinine, Biochemistry",standard_unit,units,umol/L,
"Creatinine, Biochemistry",molecular_weight,,,
"Creatinine, Biochemistry",loinc,,,
"Creatinine, Biochemistry",test_code,terms,LBTESTCD:CREAT,
"Creatinine, Biochemistry",test_name,terms,LBTEST:Creatinine,
C-Reactive Protein,numeric_finding_original_result,,,
C-Reactive Protein,numeric_finding_original_result_unit,,,
C-Reactive Protein,domain,terms,DOMAIN:LB,
C-Reactive Protein,finding_category,terms,FINDCAT:AE REQUIRING ADDITIONAL DATA,
C-Reactive Protein,unit_dimension,terms,UNITDIM:CONCENTRATION,
C-Reactive Protein,standard_unit,units,mg/L,
C-Reactive Protein,molecular_weight,,,
C-Reactive Protein,test_code,terms,LBTESTCD:CRP,
C-Reactive Protein,test_name,terms,LBTEST:C Reactive Protein,
High Sensitive C-Reactive Protein,numeric_finding_original_result,,,
High Sensitive C-Reactive Protein,numeric_finding_original_result_unit,,,
High Sensitive C-Reactive Protein,specimen,,,
High Sensitive C-Reactive Protein,domain,terms,DOMAIN:LB,
High Sensitive C-Reactive Protein,finding_category,terms,FINDCAT:BIOCHEMISTRY,
High Sensitive C-Reactive Protein,unit_dimension,terms,UNITDIM:CONCENTRATION,
High Sensitive C-Reactive Protein,standard_unit,units,mg/L,
High Sensitive C-Reactive Protein,molecular_weight,,,
High Sensitive C-Reactive Protein,loinc,,,
High Sensitive C-Reactive Protein,test_code,terms,LBTESTCD:CRP,
High Sensitive C-Reactive Protein,test_name,terms,LBTEST:C Reactive Protein,
Cystatin C,numeric_finding_original_result,,,
Cystatin C,numeric_finding_original_result_unit,,,
Cystatin C,domain,terms,DOMAIN:LB,
Cystatin C,finding_category,terms,FINDCAT:AE REQUIRING ADDITIONAL DATA,
Cystatin C,unit_dimension,terms,UNITDIM:CONCENTRATION,
Cystatin C,standard_unit,units,ug/L,
Cystatin C,molecular_weight,,,
Cystatin C,test_code,terms,LBTESTCD:CYSTATC,
Cystatin C,test_name,terms,LBTEST:Cystatin C,
C-Peptide,numeric_finding_original_result,,,
C-Peptide,numeric_finding_original_result_unit,,,
C-Peptide,specimen,,,
C-Peptide,domain,terms,DOMAIN:LB,
C-Peptide,finding_category,terms,FINDCAT:GLUCOSE METABOLISM,
C-Peptide,unit_dimension,terms,UNITDIM:CONCENTRATION,
C-Peptide,standard_unit,units,nmol/L,
C-Peptide,molecular_weight,,,
C-Peptide,test_code,terms,LBTESTCD:CPEPTIDE,
C-Peptide,test_name,terms,LBTEST:C-peptide,
C-Reactive Protein Plasma,numeric_finding_original_result,,,
C-Reactive Protein Plasma,numeric_finding_original_result_unit,,,
C-Reactive Protein Plasma,specimen,,,
C-Reactive Protein Plasma,domain,terms,DOMAIN:LB,
C-Reactive Protein Plasma,finding_category,terms,FINDCAT:BIOCHEMISTRY,
C-Reactive Protein Plasma,unit_dimension,terms,UNITDIM:CONCENTRATION,
C-Reactive Protein Plasma,standard_unit,units,mg/L,
C-Reactive Protein Plasma,test_code,terms,LBTESTCD:CRP,
C-Reactive Protein Plasma,test_name,terms,LBTEST:C Reactive Protein,
Date of Birth,domain,terms,DOMAIN:DM,
Date of Birth,finding_category,terms,FINDCAT:DEMOGRAPHY,
Location of Death Occurrence,categoric_finding_original_result,,,
Location of Death Occurrence,domain,terms,DOMAIN:ZA,
Location of Death Occurrence,finding_category,terms,FINDCAT:EVENT ADJUDICATION,
Location of Death Occurrence,test_code,terms,ZATESTCD:DEATHLOC,
Location of Death Occurrence,test_name,terms,ZATEST:Death Location,
eGFR Using CKD-EPI Formula,numeric_finding_original_result,,,
eGFR Using CKD-EPI Formula,numeric_finding_original_result_unit,,,
eGFR Using CKD-EPI Formula,specimen,,,
eGFR Using CKD-EPI Formula,domain,terms,DOMAIN:LB,
eGFR Using CKD-EPI Formula,finding_category,terms,FINDCAT:BIOCHEMISTRY,
eGFR Using CKD-EPI Formula,unit_dimension,terms,UNITDIM:VOLUMETRIC FLOW RATE,
eGFR Using CKD-EPI Formula,standard_unit,units,mL/min/1.73m2,
eGFR Using CKD-EPI Formula,loinc,,,
eGFR Using CKD-EPI Formula,test_code,terms,LBTESTCD:GFRE,
eGFR Using CKD-EPI Formula,test_name,terms,"LBTEST:Glomerular Filtration Rate, Estimated",
"Elevated Blood Levels of Pancreatic Enzymes (Lipase, Amylase) >=3xUNL",categoric_finding_original_result,,,
"Elevated Blood Levels of Pancreatic Enzymes (Lipase, Amylase) >=3xUNL",domain,terms,DOMAIN:ZA,
"Elevated Blood Levels of Pancreatic Enzymes (Lipase, Amylase) >=3xUNL",finding_category,terms,FINDCAT:EVENT ADJUDICATION,
"Elevated Blood Levels of Pancreatic Enzymes (Lipase, Amylase) >=3xUNL",test_code,terms,ZATESTCD:LEVELENZ,
"Elevated Blood Levels of Pancreatic Enzymes (Lipase, Amylase) >=3xUNL",test_name,terms,ZATEST:Elevated Pancreatic Enzymes,
Subject Eligible to Continue the Trial,domain,terms,DOMAIN:DS,
Subject Eligible to Continue the Trial,finding_category,terms,FINDCAT:PROTOCOL MILESTONE,
Subject Eligible to Continue the Trial,test_code,terms,PROTMLSTCD:ELIGIBILITY CRITERIA MET,
Subject Eligible to Continue the Trial,test_name,terms,PROTMLST:ELIGIBILITY CRITERIA MET,
End of Study,domain,terms,DOMAIN:DS,
End of Study,finding_category,terms,FINDCAT:DISPOSITION EVENT,
Eosinophils Blood,numeric_finding_original_result,,,
Eosinophils Blood,numeric_finding_original_result_unit,,,
Eosinophils Blood,specimen,,,
Eosinophils Blood,domain,terms,DOMAIN:LB,
Eosinophils Blood,finding_category,terms,FINDCAT:HAEMATOLOGY,
Eosinophils Blood,finding_subcategory,terms,FINDSCAT:DIFFERENTIAL COUNT,
Eosinophils Blood,unit_dimension,terms,UNITDIM:CELL COUNT,
Eosinophils Blood,standard_unit,units,10^9/L,
Eosinophils Blood,loinc,,,
Eosinophils Blood,test_code,terms,LBTESTCD:EOS,
Eosinophils Blood,test_name,terms,LBTEST:Eosinophils,
Eosinophils Cell Count (AE),numeric_finding_original_result,,,
Eosinophils Cell Count (AE),numeric_finding_original_result_unit,,,
Eosinophils Cell Count (AE),domain,terms,DOMAIN:LB,
Eosinophils Cell Count (AE),finding_category,terms,FINDCAT:AE REQUIRING ADDITIONAL DATA,
Eosinophils Cell Count (AE),unit_dimension,terms,UNITDIM:CELL COUNT,
Eosinophils Cell Count (AE),standard_unit,units,10^9/L,
Eosinophils Cell Count (AE),test_code,terms,LBTESTCD:EOS,
Eosinophils Cell Count (AE),test_name,terms,LBTEST:Eosinophils,
Erythrocytes,numeric_finding_original_result,,,
Erythrocytes,numeric_finding_original_result_unit,,,
Erythrocytes,specimen,,,
Erythrocytes,domain,terms,DOMAIN:LB,
Erythrocytes,finding_category,terms,FINDCAT:HAEMATOLOGY,
Erythrocytes,unit_dimension,terms,UNITDIM:CELL COUNT,
Erythrocytes,standard_unit,units,10^12/L,
Erythrocytes,loinc,,,
Erythrocytes,test_code,terms,LBTESTCD:RBC,
Erythrocytes,test_name,terms,LBTEST:Erythrocytes,
Estimated GFR,numeric_finding_original_result,,,
Estimated GFR,numeric_finding_original_result_unit,,,
Estimated GFR,domain,terms,DOMAIN:LB,
Estimated GFR,finding_category,terms,FINDCAT:AE REQUIRING ADDITIONAL DATA,
Estimated GFR,unit_dimension,terms,UNITDIM:FLOW,
Estimated GFR,standard_unit,units,mL/min,
Estimated GFR,test_code,terms,LBTESTCD:GFRE,
Estimated GFR,test_name,terms,"LBTEST:Glomerular Filtration Rate, Estimated",
Ethnicity,categoric_finding_original_result,,,
Ethnicity,domain,terms,DOMAIN:DM,
Ethnicity,finding_category,terms,FINDCAT:DEMOGRAPHY,
Evaluated Event Onset Date,textual_finding_original_result,,,
Evaluated Event Onset Date,domain,terms,DOMAIN:ZA,
Evaluated Event Onset Date,finding_category,terms,FINDCAT:EVENT ADJUDICATION,
Evaluated Event Onset Date,test_code,terms,ZATESTCD:EVALDATE,
Evaluated Event Onset Date,test_name,terms,ZATEST:Evaluated Event Onset Date,
Event Confirmation,categoric_finding_original_result,,,
Event Confirmation,domain,terms,DOMAIN:ZA,
Event Confirmation,finding_category,terms,FINDCAT:EVENT ADJUDICATION,
Event Confirmation,test_code,terms,ZATESTCD:EVENCONF,
Event Confirmation,test_name,terms,ZATEST:Event Confirmation,
First Date on Trial Product,domain,terms,DOMAIN:DS,
First Date on Trial Product,finding_category,terms,FINDCAT:PROTOCOL MILESTONE,
First Date on Trial Product,test_code,terms,PROTMLSTCD:FIRST DATE ON TRIAL PRODUCT,
First Date on Trial Product,test_name,terms,PROTMLST:FIRST DATE ON TRIAL PRODUCT,
Fasting Plasma Glucose,numeric_finding_original_result,,,
Fasting Plasma Glucose,numeric_finding_original_result_unit,,,
Fasting Plasma Glucose,specimen,,,
Fasting Plasma Glucose,domain,terms,DOMAIN:LB,
Fasting Plasma Glucose,finding_category,terms,FINDCAT:GLUCOSE METABOLISM,
Fasting Plasma Glucose,unit_dimension,terms,UNITDIM:CONCENTRATION,
Fasting Plasma Glucose,standard_unit,units,mmol/L,
Fasting Plasma Glucose,molecular_weight,,,
Fasting Plasma Glucose,loinc,,,
Fasting Plasma Glucose,test_code,terms,LBTESTCD:GLUC,
Fasting Plasma Glucose,test_name,terms,LBTEST:Glucose,
Fasting Serum Glucose,numeric_finding_original_result,,,
Fasting Serum Glucose,numeric_finding_original_result_unit,,,
Fasting Serum Glucose,specimen,,,
Fasting Serum Glucose,domain,terms,DOMAIN:LB,
Fasting Serum Glucose,finding_category,terms,FINDCAT:GLUCOSE METABOLISM,
Fasting Serum Glucose,unit_dimension,terms,UNITDIM:CONCENTRATION,
Fasting Serum Glucose,standard_unit,units,mmol/L,
Fasting Serum Glucose,molecular_weight,,,
Fasting Serum Glucose,test_code,terms,LBTESTCD:GLUC,
Fasting Serum Glucose,test_name,terms,LBTEST:Glucose,
Insulin Serum-Fasting,numeric_finding_original_result,,,
Insulin Serum-Fasting,numeric_finding_original_result_unit,,,
Insulin Serum-Fasting,specimen,,,
Insulin Serum-Fasting,domain,terms,DOMAIN:LB,
Insulin Serum-Fasting,finding_category,terms,FINDCAT:GLUCOSE METABOLISM,
Insulin Serum-Fasting,unit_dimension,terms,UNITDIM:CONCENTRATION,
Insulin Serum-Fasting,standard_unit,units,pmol/L,
Insulin Serum-Fasting,molecular_weight,,,
Insulin Serum-Fasting,loinc,,,
Insulin Serum-Fasting,test_code,terms,LBTESTCD:INSULIN,
Insulin Serum-Fasting,test_name,terms,LBTEST:Insulin,
Gamma Glutamyl Transferase,numeric_finding_original_result,,,
Gamma Glutamyl Transferase,numeric_finding_original_result_unit,,,
Gamma Glutamyl Transferase,domain,terms,DOMAIN:LB,
Gamma Glutamyl Transferase,finding_category,terms,FINDCAT:AE REQUIRING ADDITIONAL DATA,
Gamma Glutamyl Transferase,unit_dimension,terms,UNITDIM:CONCENTRATION,
Gamma Glutamyl Transferase,standard_unit,units,mg/L,
Gamma Glutamyl Transferase,test_code,terms,LBTESTCD:GGT,
Gamma Glutamyl Transferase,test_name,terms,LBTEST:Gamma Glutamyl Transferase,
GGT,numeric_finding_original_result,,,
GGT,numeric_finding_original_result_unit,,,
GGT,specimen,,,
GGT,domain,terms,DOMAIN:LB,
GGT,finding_category,terms,FINDCAT:BIOCHEMISTRY,
GGT,unit_dimension,terms,UNITDIM:U_IU Concentration,
GGT,standard_unit,units,U/L,
GGT,loinc,,,
GGT,test_code,terms,LBTESTCD:GGT,
GGT,test_name,terms,LBTEST:Gamma Glutamyl Transferase,
Plasma Glucagon,numeric_finding_original_result,,,
Plasma Glucagon,numeric_finding_original_result_unit,,,
Plasma Glucagon,specimen,,,
Plasma Glucagon,domain,terms,DOMAIN:LB,
Plasma Glucagon,finding_category,terms,FINDCAT:GLUCOSE METABOLISM,
Plasma Glucagon,unit_dimension,terms,UNITDIM:CONCENTRATION,
Plasma Glucagon,standard_unit,units,pg/mL,
Plasma Glucagon,molecular_weight,,,
Plasma Glucagon,test_code,terms,LBTESTCD:GLUCAGON,
Plasma Glucagon,test_name,terms,LBTEST:Glucagon,
Serum Glucagon,numeric_finding_original_result,,,
Serum Glucagon,numeric_finding_original_result_unit,,,
Serum Glucagon,specimen,,,
Serum Glucagon,domain,terms,DOMAIN:LB,
Serum Glucagon,finding_category,terms,FINDCAT:GLUCOSE METABOLISM,
Serum Glucagon,unit_dimension,terms,UNITDIM:CONCENTRATION,
Serum Glucagon,standard_unit,units,pg/mL,
Serum Glucagon,molecular_weight,,,
Serum Glucagon,test_code,terms,LBTESTCD:GLUCAGON,
Serum Glucagon,test_name,terms,LBTEST:Glucagon,
Glucose,numeric_finding_original_result,,,
Glucose,numeric_finding_original_result_unit,,,
Glucose,domain,terms,DOMAIN:LB,
Glucose,finding_category,terms,FINDCAT:AE REQUIRING ADDITIONAL DATA,
Glucose,unit_dimension,terms,UNITDIM:CONCENTRATION,
Glucose,standard_unit,units,mmol/L,
Glucose,molecular_weight,,,
Glucose,test_code,terms,LBTESTCD:GLUC,
Glucose,test_name,terms,LBTEST:Glucose,
Blood Glucose,numeric_finding_original_result,,,
Blood Glucose,numeric_finding_original_result_unit,,,
Blood Glucose,specimen,,,
Blood Glucose,domain,terms,DOMAIN:LB,
Blood Glucose,finding_category,terms,FINDCAT:GLUCOSE METABOLISM,
Blood Glucose,unit_dimension,terms,UNITDIM:CONCENTRATION,
Blood Glucose,standard_unit,units,mmol/L,
Blood Glucose,molecular_weight,,,
Blood Glucose,test_code,terms,LBTESTCD:GLUC,
Blood Glucose,test_name,terms,LBTEST:Glucose,
Glucose Urine,categoric_finding_original_result,,,
Glucose Urine,specimen,,,
Glucose Urine,domain,terms,DOMAIN:LB,
Glucose Urine,finding_category,terms,FINDCAT:URINALYSIS,
Glucose Urine,test_code,terms,LBTESTCD:GLUC,
Glucose Urine,test_name,terms,LBTEST:Glucose,
"Glucose, Plasma, Glucose Metabolism",numeric_finding_original_result,,,
"Glucose, Plasma, Glucose Metabolism",numeric_finding_original_result_unit,,,
"Glucose, Plasma, Glucose Metabolism",specimen,,,
"Glucose, Plasma, Glucose Metabolism",domain,terms,DOMAIN:LB,
"Glucose, Plasma, Glucose Metabolism",finding_category,terms,FINDCAT:GLUCOSE METABOLISM,
"Glucose, Plasma, Glucose Metabolism",unit_dimension,terms,UNITDIM:CONCENTRATION,
"Glucose, Plasma, Glucose Metabolism",standard_unit,units,mmol/L,
"Glucose, Plasma, Glucose Metabolism",molecular_weight,,,
"Glucose, Plasma, Glucose Metabolism",test_code,terms,LBTESTCD:GLUC,
"Glucose, Plasma, Glucose Metabolism",test_name,terms,LBTEST:Glucose,
"Glucose, Serum",numeric_finding_original_result,,,
"Glucose, Serum",numeric_finding_original_result_unit,,,
"Glucose, Serum",specimen,,,
"Glucose, Serum",domain,terms,DOMAIN:LB,
"Glucose, Serum",finding_category,terms,FINDCAT:GLUCOSE METABOLISM,
"Glucose, Serum",unit_dimension,terms,UNITDIM:CONCENTRATION,
"Glucose, Serum",standard_unit,units,mmol/L,
"Glucose, Serum",molecular_weight,,,
"Glucose, Serum",test_code,terms,LBTESTCD:GLUC,
"Glucose, Serum",test_name,terms,LBTEST:Glucose,
Glucose Dipstick,categoric_finding_original_result,,,
Glucose Dipstick,specimen,,,
Glucose Dipstick,domain,terms,DOMAIN:LB,
Glucose Dipstick,finding_category,terms,FINDCAT:URINALYSIS,
Glucose Dipstick,loinc,,,
Glucose Dipstick,test_code,terms,LBTESTCD:GLUC,
Glucose Dipstick,test_name,terms,LBTEST:Glucose,
HbA1c,numeric_finding_original_result,,,
HbA1c,numeric_finding_original_result_unit,,,
HbA1c,specimen,,,
HbA1c,domain,terms,DOMAIN:LB,
HbA1c,finding_category,terms,FINDCAT:GLUCOSE METABOLISM,
HbA1c,unit_dimension,terms,UNITDIM:PERCENTAGE,
HbA1c,standard_unit,units,%,
HbA1c,loinc,,,
HbA1c,test_code,terms,LBTESTCD:HBA1C,
HbA1c,test_name,terms,LBTEST:Hemoglobin A1C,
Heart Failure Classification,categoric_finding_original_result,,,
Heart Failure Classification,domain,terms,DOMAIN:ZA,
Heart Failure Classification,finding_category,terms,FINDCAT:EVENT ADJUDICATION,
Heart Failure Classification,test_code,terms,ZATESTCD:HTFAILCL,
Heart Failure Classification,test_name,terms,ZATEST:Heart Failure Classification,
Height,numeric_finding_original_result,,,
Height,numeric_finding_original_result_unit,,,
Height,domain,terms,DOMAIN:VS,
Height,finding_category,terms,FINDCAT:BODY MEASUREMENT,
Height,unit_dimension,terms,UNITDIM:LENGTH,
Height,standard_unit,units,m,
Height,fasting_status,,,
Height,test_code,terms,VSTESTCD:HEIGHT,
Height,test_name,terms,VSTEST:Height,
Hip Circumference,numeric_finding_original_result,,,
Hip Circumference,numeric_finding_original_result_unit,,,
Hip Circumference,domain,terms,DOMAIN:VS,
Hip Circumference,finding_category,terms,FINDCAT:BODY MEASUREMENT,
Hip Circumference,unit_dimension,terms,UNITDIM:LENGTH,
Hip Circumference,standard_unit,units,cm,
Hip Circumference,fasting_status,,,
Hip Circumference,test_code,terms,VSTESTCD:HIPCIR,
Hip Circumference,test_name,terms,VSTEST:Hip Circumference,
Hospitalisation,domain,terms,DOMAIN:HO,
Hospitalisation,finding_category,terms,FINDCAT:IN-PATIENT/PROLONGED HOSPITALISATION,
Did the Subject Feel Better After the Treatment,categoric_finding_original_result,,,
Did the Subject Feel Better After the Treatment,domain,terms,DOMAIN:ZA,
Did the Subject Feel Better After the Treatment,finding_category,terms,FINDCAT:EVENT ADJUDICATION,
Did the Subject Feel Better After the Treatment,test_code,terms,ZATESTCD:FEELBETT,
Did the Subject Feel Better After the Treatment,test_name,terms,ZATEST:Subject Feel Better After the Treatment,
Informed Consent Obtained Date,domain,terms,DOMAIN:DS,
Informed Consent Obtained Date,finding_category,terms,FINDCAT:PROTOCOL MILESTONE,
Informed Consent Obtained Date,test_code,terms,PROTMLSTCD:INFORMED CONSENT OBTAINED,
Informed Consent Obtained Date,test_name,terms,PROTMLST:INFORMED CONSENT OBTAINED,
International Normalized Ratio,numeric_finding_original_result,,,
International Normalized Ratio,numeric_finding_original_result_unit,,,
International Normalized Ratio,domain,terms,DOMAIN:LB,
International Normalized Ratio,finding_category,terms,FINDCAT:AE REQUIRING ADDITIONAL DATA,
International Normalized Ratio,unit_dimension,terms,UNITDIM:PERCENTAGE,
International Normalized Ratio,standard_unit,units,ratio,
International Normalized Ratio,test_code,terms,LBTESTCD:INR,
International Normalized Ratio,test_name,terms,LBTEST:Prothrombin Intl. Normalized Ratio,
INR,numeric_finding_original_result,,,
INR,numeric_finding_original_result_unit,,,
INR,specimen,,,
INR,domain,terms,DOMAIN:LB,
INR,finding_category,terms,FINDCAT:COAGULATION PARAMETER,
INR,unit_dimension,terms,UNITDIM:PERCENTAGE,
INR,standard_unit,units,ratio,
INR,loinc,,,
INR,test_code,terms,LBTESTCD:INR,
INR,test_name,terms,LBTEST:Prothrombin Intl. Normalized Ratio,
Human Insulin,numeric_finding_original_result,,,
Human Insulin,numeric_finding_original_result_unit,,,
Human Insulin,specimen,,,
Human Insulin,domain,terms,DOMAIN:LB,
Human Insulin,finding_category,terms,FINDCAT:GLUCOSE METABOLISM,
Human Insulin,unit_dimension,terms,UNITDIM:CONCENTRATION,
Human Insulin,standard_unit,units,pmol/L,
Human Insulin,molecular_weight,,,
Human Insulin,test_code,terms,LBTESTCD:INSULIN,
Human Insulin,test_name,terms,LBTEST:Insulin,
Insulin Serum,numeric_finding_original_result,,,
Insulin Serum,numeric_finding_original_result_unit,,,
Insulin Serum,specimen,,,
Insulin Serum,domain,terms,DOMAIN:LB,
Insulin Serum,finding_category,terms,FINDCAT:GLUCOSE METABOLISM,
Insulin Serum,unit_dimension,terms,UNITDIM:CONCENTRATION,
Insulin Serum,standard_unit,units,pmol/L,
Insulin Serum,molecular_weight,,,
Insulin Serum,loinc,,,
Insulin Serum,test_code,terms,LBTESTCD:INSULIN,
Insulin Serum,test_name,terms,LBTEST:Insulin,
Last Date on Trial Product,domain,terms,DOMAIN:DS,
Last Date on Trial Product,finding_category,terms,FINDCAT:PROTOCOL MILESTONE,
Last Date on Trial Product,test_code,terms,PROTMLSTCD:LAST DATE ON TRIAL PRODUCT,
Last Date on Trial Product,test_name,terms,PROTMLST:LAST DATE ON TRIAL PRODUCT,
Legal or Authorised Representative,domain,terms,DOMAIN:DS,
Legal or Authorised Representative,finding_category,terms,FINDCAT:PROTOCOL MILESTONE,
Legal or Authorised Representative,test_code,terms,PROTMLSTCD:INFORMED CONSENT OBTAINED,
Legal or Authorised Representative,test_name,terms,PROTMLST:INFORMED CONSENT OBTAINED,
"Lipase, AE Requiring Additional Data",numeric_finding_original_result,,,
"Lipase, AE Requiring Additional Data",numeric_finding_original_result_unit,,,
"Lipase, AE Requiring Additional Data",domain,terms,DOMAIN:LB,
"Lipase, AE Requiring Additional Data",finding_category,terms,FINDCAT:AE REQUIRING ADDITIONAL DATA,
"Lipase, AE Requiring Additional Data",unit_dimension,terms,UNITDIM:U_IU Concentration,
"Lipase, AE Requiring Additional Data",standard_unit,units,U/L,
"Lipase, AE Requiring Additional Data",test_code,terms,LBTESTCD:LIPASET,
"Lipase, AE Requiring Additional Data",test_name,terms,LBTEST:Lipase,
"Lipase, Biochemistry",numeric_finding_original_result,,,
"Lipase, Biochemistry",numeric_finding_original_result_unit,,,
"Lipase, Biochemistry",specimen,,,
"Lipase, Biochemistry",domain,terms,DOMAIN:LB,
"Lipase, Biochemistry",finding_category,terms,FINDCAT:BIOCHEMISTRY,
"Lipase, Biochemistry",unit_dimension,terms,UNITDIM:U_IU Concentration,
"Lipase, Biochemistry",standard_unit,units,U/L,
"Lipase, Biochemistry",loinc,,,
"Lipase, Biochemistry",test_code,terms,LBTESTCD:LIPASET,
"Lipase, Biochemistry",test_name,terms,LBTEST:Lipase,
Glomerular Filtration Rate,numeric_finding_original_result,,,
Glomerular Filtration Rate,numeric_finding_original_result_unit,,,
Glomerular Filtration Rate,domain,terms,DOMAIN:LB,
Glomerular Filtration Rate,finding_category,terms,FINDCAT:AE REQUIRING ADDITIONAL DATA,
Glomerular Filtration Rate,unit_dimension,terms,UNITDIM:FLOW,
Glomerular Filtration Rate,standard_unit,units,mL/min,
Glomerular Filtration Rate,test_code,terms,LBTESTCD:GFR,
Glomerular Filtration Rate,test_name,terms,LBTEST:Glomerular Filtration Rate,
Medical History/Concomitant Illness,domain,terms,DOMAIN:MH,
Medical History/Concomitant Illness,finding_category,terms,FINDCAT:MEDICAL HISTORY,
Method of Coronary Revascularisation,categoric_finding_original_result,,,
Method of Coronary Revascularisation,domain,terms,DOMAIN:ZA,
Method of Coronary Revascularisation,finding_category,terms,FINDCAT:EVENT ADJUDICATION,
Method of Coronary Revascularisation,test_code,terms,ZATESTCD:METHOCRV,
Method of Coronary Revascularisation,test_name,terms,ZATEST:Method of Coronary Revascularisation,
"Nitrite, AE Requiring Additional Data",textual_finding_original_result,,,
"Nitrite, AE Requiring Additional Data",domain,terms,DOMAIN:LB,
"Nitrite, AE Requiring Additional Data",finding_category,terms,FINDCAT:AE REQUIRING ADDITIONAL DATA,
"Nitrite, AE Requiring Additional Data",test_code,terms,LBTESTCD:NITRITE,
"Nitrite, AE Requiring Additional Data",test_name,terms,LBTEST:Nitrite,
Urine Nitrite,categoric_finding_original_result,,,
Urine Nitrite,specimen,,,
Urine Nitrite,domain,terms,DOMAIN:LB,
Urine Nitrite,finding_category,terms,FINDCAT:URINALYSIS,
Urine Nitrite,test_code,terms,LBTESTCD:NITRITE,
Urine Nitrite,test_name,terms,LBTEST:Nitrite,
"Nitrite, Urinalysis",categoric_finding_original_result,,,
"Nitrite, Urinalysis",specimen,,,
"Nitrite, Urinalysis",domain,terms,DOMAIN:LB,
"Nitrite, Urinalysis",finding_category,terms,FINDCAT:URINALYSIS,
"Nitrite, Urinalysis",test_code,terms,LBTESTCD:NITRITE,
"Nitrite, Urinalysis",test_name,terms,LBTEST:Nitrite,
Other Adjudicated Event Type,categoric_finding_original_result,,,
Other Adjudicated Event Type,domain,terms,DOMAIN:ZA,
Other Adjudicated Event Type,finding_category,terms,FINDCAT:EVENT ADJUDICATION,
Other Adjudicated Event Type,test_code,terms,ZATESTCD:OTADEVTY,
Other Adjudicated Event Type,test_name,terms,ZATEST:Other Adjudicated Event Type,
Oxygen Saturation,numeric_finding_original_result,,,
Oxygen Saturation,numeric_finding_original_result_unit,,,
Oxygen Saturation,domain,terms,DOMAIN:VS,
Oxygen Saturation,finding_category,terms,FINDCAT:VITAL SIGNS,
Oxygen Saturation,unit_dimension,terms,UNITDIM:PERCENTAGE,
Oxygen Saturation,standard_unit,units,%,
Oxygen Saturation,test_code,terms,VSTESTCD:OXYSAT,
Oxygen Saturation,test_name,terms,VSTEST:Oxygen Saturation,
Pain Rating - How Would You Rate the Pain at Its Worst in Your Target Knee,categoric_finding_original_result,,,
Pain Rating - How Would You Rate the Pain at Its Worst in Your Target Knee,domain,terms,DOMAIN:QS,
Pain Rating - How Would You Rate the Pain at Its Worst in Your Target Knee,finding_category,terms,FINDCAT:PAIN RATING,
Pain Rating - How Would You Rate the Pain at Its Worst in Your Target Knee,test_code,terms,QSTN_PAIN01CD:PAIN0102,
Pain Rating - How Would You Rate the Pain at Its Worst in Your Target Knee,test_name,terms,QSTN_PAIN01:PAIN01-Rate the Pain at Its Worst,
Pancreatitis,domain,terms,DOMAIN:CE,
Pancreatitis,finding_category,terms,FINDCAT:AE REQUIRING ADDITIONAL DATA,
Significant Upper Abdominal Pain,categoric_finding_original_result,,,
Significant Upper Abdominal Pain,domain,terms,DOMAIN:FA,
Significant Upper Abdominal Pain,finding_category,terms,FINDCAT:AE REQUIRING ADDITIONAL DATA,
Significant Upper Abdominal Pain,test_code,terms,FATESTCD:PANABPN,
Significant Upper Abdominal Pain,test_name,terms,FATEST:Significant upper abdominal pain,
Any Acute Complications,categoric_finding_original_result,,,
Any Acute Complications,domain,terms,DOMAIN:FA,
Any Acute Complications,finding_category,terms,FINDCAT:AE REQUIRING ADDITIONAL DATA,
Any Acute Complications,finding_subcategory,terms,FINDSCAT:PANCREATITIS COMPLICATIONS,
Any Acute Complications,test_code,terms,FATESTCD:PANACOMP,
Any Acute Complications,test_name,terms,FATEST:Any acute complications,
Other Acute Pancreatitis Symptom,categoric_finding_original_result,,,
Other Acute Pancreatitis Symptom,domain,terms,DOMAIN:FA,
Other Acute Pancreatitis Symptom,finding_category,terms,FINDCAT:AE REQUIRING ADDITIONAL DATA,
Other Acute Pancreatitis Symptom,finding_subcategory,terms,FINDSCAT:PANCREATITIS IMAGING ACUTE,
Other Acute Pancreatitis Symptom,test_code,terms,FATESTCD:PANCONOT,
Other Acute Pancreatitis Symptom,test_name,terms,FATEST:Other acute pancreatitis symptom,
Risk Factor - Alcohol Consumption,categoric_finding_original_result,,,
Risk Factor - Alcohol Consumption,domain,terms,DOMAIN:FA,
Risk Factor - Alcohol Consumption,finding_category,terms,FINDCAT:AE REQUIRING ADDITIONAL DATA,
Risk Factor - Alcohol Consumption,finding_subcategory,terms,FINDSCAT:PANCREATITIS RISK FACTORS,
Risk Factor - Alcohol Consumption,test_code,terms,FATESTCD:PANALCON,
Risk Factor - Alcohol Consumption,test_name,terms,FATEST:Risk factor - Alcohol consumption,
Atrophy of the Pancreas,categoric_finding_original_result,,,
Atrophy of the Pancreas,domain,terms,DOMAIN:FA,
Atrophy of the Pancreas,finding_category,terms,FINDCAT:AE REQUIRING ADDITIONAL DATA,
Atrophy of the Pancreas,finding_subcategory,terms,FINDSCAT:PANCREATITIS IMAGING CHRONIC,
Atrophy of the Pancreas,test_code,terms,FATESTCD:PANATROP,
Atrophy of the Pancreas,test_name,terms,FATEST:Atrophy of the pancreas,
Calcification of Pancreas,categoric_finding_original_result,,,
Calcification of Pancreas,domain,terms,DOMAIN:FA,
Calcification of Pancreas,finding_category,terms,FINDCAT:AE REQUIRING ADDITIONAL DATA,
Calcification of Pancreas,finding_subcategory,terms,FINDSCAT:PANCREATITIS IMAGING CHRONIC,
Calcification of Pancreas,test_code,terms,FATESTCD:PANCALCI,
Calcification of Pancreas,test_name,terms,FATEST:Calcification of pancreas,
Other Chronic Pancreatitis Symptom,categoric_finding_original_result,,,
Other Chronic Pancreatitis Symptom,domain,terms,DOMAIN:FA,
Other Chronic Pancreatitis Symptom,finding_category,terms,FINDCAT:AE REQUIRING ADDITIONAL DATA,
Other Chronic Pancreatitis Symptom,finding_subcategory,terms,FINDSCAT:PANCREATITIS IMAGING CHRONIC,
Other Chronic Pancreatitis Symptom,test_code,terms,FATESTCD:PANCHROT,
Other Chronic Pancreatitis Symptom,test_name,terms,FATEST:Other chronic pancreatitis symptom,
Imaging Method - CT Scan,categoric_finding_original_result,,,
Imaging Method - CT Scan,domain,terms,DOMAIN:FA,
Imaging Method - CT Scan,finding_category,terms,FINDCAT:AE REQUIRING ADDITIONAL DATA,
Imaging Method - CT Scan,finding_subcategory,terms,FINDSCAT:PANCREATITIS IMAGING,
Imaging Method - CT Scan,test_code,terms,FATESTCD:PANCT,
Imaging Method - CT Scan,test_name,terms,FATEST:Imaging method - CT Scan,
Dilatation of Pancreatic Ducts,categoric_finding_original_result,,,
Dilatation of Pancreatic Ducts,domain,terms,DOMAIN:FA,
Dilatation of Pancreatic Ducts,finding_category,terms,FINDCAT:AE REQUIRING ADDITIONAL DATA,
Dilatation of Pancreatic Ducts,finding_subcategory,terms,FINDSCAT:PANCREATITIS IMAGING CHRONIC,
Dilatation of Pancreatic Ducts,test_code,terms,FATESTCD:PANDILPD,
Dilatation of Pancreatic Ducts,test_name,terms,FATEST:Dilatation of pancreatic ducts,
Dilated Common Bile Duct,categoric_finding_original_result,,,
Dilated Common Bile Duct,domain,terms,DOMAIN:FA,
Dilated Common Bile Duct,finding_category,terms,FINDCAT:AE REQUIRING ADDITIONAL DATA,
Dilated Common Bile Duct,finding_subcategory,terms,FINDSCAT:PANCREATITIS IMAGING ACUTE,
Dilated Common Bile Duct,test_code,terms,FATESTCD:PANDILDU,
Dilated Common Bile Duct,test_name,terms,FATEST:Dilated common bile duct pancretitis,
Risk Factor -Family Hist of Pancreatitis,categoric_finding_original_result,,,
Risk Factor -Family Hist of Pancreatitis,domain,terms,DOMAIN:FA,
Risk Factor -Family Hist of Pancreatitis,finding_category,terms,FINDCAT:AE REQUIRING ADDITIONAL DATA,
Risk Factor -Family Hist of Pancreatitis,finding_subcategory,terms,FINDSCAT:PANCREATITIS RISK FACTORS,
Risk Factor -Family Hist of Pancreatitis,test_code,terms,FATESTCD:PANFHISP,
Risk Factor -Family Hist of Pancreatitis,test_name,terms,FATEST:Risk factor -Family hist of pancreatitis,
Fever as Symptom,categoric_finding_original_result,,,
Fever as Symptom,domain,terms,DOMAIN:FA,
Fever as Symptom,finding_category,terms,FINDCAT:AE REQUIRING ADDITIONAL DATA,
Fever as Symptom,finding_subcategory,terms,FINDSCAT:PANCREATITIS SIGNS AND SYMPTOMS,
Fever as Symptom,test_code,terms,FATESTCD:PANFEVER,
Fever as Symptom,test_name,terms,FATEST:Fever during Course of Pancreatitis,
Acute Complications - GI Haemorrhage,categoric_finding_original_result,,,
Acute Complications - GI Haemorrhage,domain,terms,DOMAIN:FA,
Acute Complications - GI Haemorrhage,finding_category,terms,FINDCAT:AE REQUIRING ADDITIONAL DATA,
Acute Complications - GI Haemorrhage,finding_subcategory,terms,FINDSCAT:PANCREATITIS COMPLICATIONS,
Acute Complications - GI Haemorrhage,test_code,terms,FATESTCD:PANGIHEM,
Acute Complications - GI Haemorrhage,test_name,terms,FATEST:Acute complications - GI Haemorrhage,
Risk Factor - History of Gallstones,categoric_finding_original_result,,,
Risk Factor - History of Gallstones,domain,terms,DOMAIN:FA,
Risk Factor - History of Gallstones,finding_category,terms,FINDCAT:AE REQUIRING ADDITIONAL DATA,
Risk Factor - History of Gallstones,finding_subcategory,terms,FINDSCAT:PANCREATITIS RISK FACTORS,
Risk Factor - History of Gallstones,test_code,terms,FATESTCD:PANHGALS,
Risk Factor - History of Gallstones,test_name,terms,FATEST:Risk factor - History of gallstones,
Risk Factor - Hyper-Calcaemia,categoric_finding_original_result,,,
Risk Factor - Hyper-Calcaemia,domain,terms,DOMAIN:FA,
Risk Factor - Hyper-Calcaemia,finding_category,terms,FINDCAT:AE REQUIRING ADDITIONAL DATA,
Risk Factor - Hyper-Calcaemia,finding_subcategory,terms,FINDSCAT:PANCREATITIS RISK FACTORS,
Risk Factor - Hyper-Calcaemia,test_code,terms,FATESTCD:PANHYCAL,
Risk Factor - Hyper-Calcaemia,test_name,terms,FATEST:Risk factor - Hyper-calcaemia,
Risk Factor - Hyper-Triglyceridemia,categoric_finding_original_result,,,
Risk Factor - Hyper-Triglyceridemia,domain,terms,DOMAIN:FA,
Risk Factor - Hyper-Triglyceridemia,finding_category,terms,FINDCAT:AE REQUIRING ADDITIONAL DATA,
Risk Factor - Hyper-Triglyceridemia,finding_subcategory,terms,FINDSCAT:PANCREATITIS RISK FACTORS,
Risk Factor - Hyper-Triglyceridemia,test_code,terms,FATESTCD:PANHTGLY,
Risk Factor - Hyper-Triglyceridemia,test_name,terms,FATEST:Risk factor - Hyper-triglyceridemia,
Imaging Consistent with Acute Pan,categoric_finding_original_result,,,
Imaging Consistent with Acute Pan,domain,terms,DOMAIN:FA,
Imaging Consistent with Acute Pan,finding_category,terms,FINDCAT:AE REQUIRING ADDITIONAL DATA,
Imaging Consistent with Acute Pan,finding_subcategory,terms,FINDSCAT:PANCREATITIS IMAGING ACUTE,
Imaging Consistent with Acute Pan,test_code,terms,FATESTCD:PANIACON,
Imaging Consistent with Acute Pan,test_name,terms,FATEST:Imaging consistent with acute pan,
Imaging Consistent with Chronic Pan,categoric_finding_original_result,,,
Imaging Consistent with Chronic Pan,domain,terms,DOMAIN:FA,
Imaging Consistent with Chronic Pan,finding_category,terms,FINDCAT:AE REQUIRING ADDITIONAL DATA,
Imaging Consistent with Chronic Pan,finding_subcategory,terms,FINDSCAT:PANCREATITIS IMAGING CHRONIC,
Imaging Consistent with Chronic Pan,test_code,terms,FATESTCD:PANICCON,
Imaging Consistent with Chronic Pan,test_name,terms,FATEST:Imaging consistent with chronic pan,
Imaging Consistent with Gallstone,categoric_finding_original_result,,,
Imaging Consistent with Gallstone,domain,terms,DOMAIN:FA,
Imaging Consistent with Gallstone,finding_category,terms,FINDCAT:AE REQUIRING ADDITIONAL DATA,
Imaging Consistent with Gallstone,finding_subcategory,terms,FINDSCAT:PANCREATITIS IMAGING,
Imaging Consistent with Gallstone,test_code,terms,FATESTCD:PANIGCON,
Imaging Consistent with Gallstone,test_name,terms,FATEST:Imaging consistent with gallstone,
Was Imaging Performed,categoric_finding_original_result,,,
Was Imaging Performed,domain,terms,DOMAIN:FA,
Was Imaging Performed,finding_category,terms,FINDCAT:AE REQUIRING ADDITIONAL DATA,
Was Imaging Performed,finding_subcategory,terms,FINDSCAT:PANCREATITIS IMAGING,
Was Imaging Performed,test_code,terms,FATESTCD:PANIMAPE,
Was Imaging Performed,test_name,terms,FATEST:Was imaging performed,
Imaging Method - MRI,categoric_finding_original_result,,,
Imaging Method - MRI,domain,terms,DOMAIN:FA,
Imaging Method - MRI,finding_category,terms,FINDCAT:AE REQUIRING ADDITIONAL DATA,
Imaging Method - MRI,finding_subcategory,terms,FINDSCAT:PANCREATITIS IMAGING,
Imaging Method - MRI,test_code,terms,FATESTCD:PANMRI,
Imaging Method - MRI,test_name,terms,FATEST:Imaging method - MRI,
Nausea as Symptom,categoric_finding_original_result,,,
Nausea as Symptom,domain,terms,DOMAIN:FA,
Nausea as Symptom,finding_category,terms,FINDCAT:AE REQUIRING ADDITIONAL DATA,
Nausea as Symptom,finding_subcategory,terms,FINDSCAT:PANCREATITIS SIGNS AND SYMPTOMS,
Nausea as Symptom,test_code,terms,FATESTCD:PANNASEA,
Nausea as Symptom,test_name,terms,FATEST:Nausea during Course of Pancreatitis,
Necrotising Pancreatitis,categoric_finding_original_result,,,
Necrotising Pancreatitis,domain,terms,DOMAIN:FA,
Necrotising Pancreatitis,finding_category,terms,FINDCAT:AE REQUIRING ADDITIONAL DATA,
Necrotising Pancreatitis,finding_subcategory,terms,FINDSCAT:PANCREATITIS IMAGING ACUTE,
Necrotising Pancreatitis,test_code,terms,FATESTCD:PANNECRP,
Necrotising Pancreatitis,test_name,terms,FATEST:Necrotising pancreatitis,
Obstructive Gall-Stone,categoric_finding_original_result,,,
Obstructive Gall-Stone,domain,terms,DOMAIN:FA,
Obstructive Gall-Stone,finding_category,terms,FINDCAT:AE REQUIRING ADDITIONAL DATA,
Obstructive Gall-Stone,finding_subcategory,terms,FINDSCAT:PANCREATITIS IMAGING ACUTE,
Obstructive Gall-Stone,test_code,terms,FATESTCD:PANOBSTR,
Obstructive Gall-Stone,test_name,terms,FATEST:Obstructive gall-stone,
Oedematous or Interstitial Pancreatitis,categoric_finding_original_result,,,
Oedematous or Interstitial Pancreatitis,domain,terms,DOMAIN:FA,
Oedematous or Interstitial Pancreatitis,finding_category,terms,FINDCAT:AE REQUIRING ADDITIONAL DATA,
Oedematous or Interstitial Pancreatitis,finding_subcategory,terms,FINDSCAT:PANCREATITIS IMAGING ACUTE,
Oedematous or Interstitial Pancreatitis,test_code,terms,FATESTCD:PANOEDIP,
Oedematous or Interstitial Pancreatitis,test_name,terms,FATEST:Oedematous or interstitial pancreatitis,
Imaging Method - Other,categoric_finding_original_result,,,
Imaging Method - Other,domain,terms,DOMAIN:FA,
Imaging Method - Other,finding_category,terms,FINDCAT:AE REQUIRING ADDITIONAL DATA,
Imaging Method - Other,finding_subcategory,terms,FINDSCAT:PANCREATITIS IMAGING,
Imaging Method - Other,test_code,terms,FATESTCD:PANIMAOT,
Imaging Method - Other,test_name,terms,FATEST:Imaging method - Other,
Acute Complications - Other,categoric_finding_original_result,,,
Acute Complications - Other,domain,terms,DOMAIN:FA,
Acute Complications - Other,finding_category,terms,FINDCAT:AE REQUIRING ADDITIONAL DATA,
Acute Complications - Other,finding_subcategory,terms,FINDSCAT:PANCREATITIS COMPLICATIONS,
Acute Complications - Other,test_code,terms,FATESTCD:PANACOOT,
Acute Complications - Other,test_name,terms,FATEST:Acute complications - Other,
Risk Factor - Other,categoric_finding_original_result,,,
Risk Factor - Other,domain,terms,DOMAIN:FA,
Risk Factor - Other,finding_category,terms,FINDCAT:AE REQUIRING ADDITIONAL DATA,
Risk Factor - Other,finding_subcategory,terms,FINDSCAT:PANCREATITIS RISK FACTORS,
Risk Factor - Other,test_code,terms,FATESTCD:PANRISOT,
Risk Factor - Other,test_name,terms,FATEST:Risk factor - Other,
Other Symptom,categoric_finding_original_result,,,
Other Symptom,domain,terms,DOMAIN:FA,
Other Symptom,finding_category,terms,FINDCAT:AE REQUIRING ADDITIONAL DATA,
Other Symptom,finding_subcategory,terms,FINDSCAT:PANCREATITIS SIGNS AND SYMPTOMS,
Other Symptom,test_code,terms,FATESTCD:PANSYOT,
Other Symptom,test_name,terms,FATEST:Other symptom,
Peri-Pancreatic Fluid,categoric_finding_original_result,,,
Peri-Pancreatic Fluid,domain,terms,DOMAIN:FA,
Peri-Pancreatic Fluid,finding_category,terms,FINDCAT:AE REQUIRING ADDITIONAL DATA,
Peri-Pancreatic Fluid,finding_subcategory,terms,FINDSCAT:PANCREATITIS IMAGING ACUTE,
Peri-Pancreatic Fluid,test_code,terms,FATESTCD:PANPERPF,
Peri-Pancreatic Fluid,test_name,terms,FATEST:Peri-pancreatic fluid,
Pseudocysts,categoric_finding_original_result,,,
Pseudocysts,domain,terms,DOMAIN:FA,
Pseudocysts,finding_category,terms,FINDCAT:AE REQUIRING ADDITIONAL DATA,
Pseudocysts,finding_subcategory,terms,FINDSCAT:PANCREATITIS IMAGING CHRONIC,
Pseudocysts,test_code,terms,FATESTCD:PANPSEUD,
Pseudocysts,test_name,terms,FATEST:Pseudocysts,
Acute Complications - Renal Failure,categoric_finding_original_result,,,
Acute Complications - Renal Failure,domain,terms,DOMAIN:FA,
Acute Complications - Renal Failure,finding_category,terms,FINDCAT:AE REQUIRING ADDITIONAL DATA,
Acute Complications - Renal Failure,finding_subcategory,terms,FINDSCAT:PANCREATITIS COMPLICATIONS,
Acute Complications - Renal Failure,test_code,terms,FATESTCD:PANRENFD,
Acute Complications - Renal Failure,test_name,terms,FATEST:Acute complications - Renal Failure,
Acute Complications -Respiratory Failure,categoric_finding_original_result,,,
Acute Complications -Respiratory Failure,domain,terms,DOMAIN:FA,
Acute Complications -Respiratory Failure,finding_category,terms,FINDCAT:AE REQUIRING ADDITIONAL DATA,
Acute Complications -Respiratory Failure,finding_subcategory,terms,FINDSCAT:PANCREATITIS COMPLICATIONS,
Acute Complications -Respiratory Failure,test_code,terms,FATESTCD:PANRESFV,
Acute Complications -Respiratory Failure,test_name,terms,FATEST:Acute complications -Respiratory failure,
Pancreatitis Risk Factors,categoric_finding_original_result,,,
Pancreatitis Risk Factors,domain,terms,DOMAIN:FA,
Pancreatitis Risk Factors,finding_category,terms,FINDCAT:AE REQUIRING ADDITIONAL DATA,
Pancreatitis Risk Factors,finding_subcategory,terms,FINDSCAT:PANCREATITIS RISK FACTORS,
Pancreatitis Risk Factors,test_code,terms,FATESTCD:PANRRFAC,
Pancreatitis Risk Factors,test_name,terms,FATEST:Pancreatitis Risk factors,
Acute Complications - Sepsis,categoric_finding_original_result,,,
Acute Complications - Sepsis,domain,terms,DOMAIN:FA,
Acute Complications - Sepsis,finding_category,terms,FINDCAT:AE REQUIRING ADDITIONAL DATA,
Acute Complications - Sepsis,finding_subcategory,terms,FINDSCAT:PANCREATITIS COMPLICATIONS,
Acute Complications - Sepsis,test_code,terms,FATESTCD:PANSEPSI,
Acute Complications - Sepsis,test_name,terms,FATEST:Acute complications - Sepsis,
Symptoms Present During Event,categoric_finding_original_result,,,
Symptoms Present During Event,domain,terms,DOMAIN:FA,
Symptoms Present During Event,finding_category,terms,FINDCAT:AE REQUIRING ADDITIONAL DATA,
Symptoms Present During Event,finding_subcategory,terms,FINDSCAT:PANCREATITIS SIGNS AND SYMPTOMS,
Symptoms Present During Event,test_code,terms,FATESTCD:PANSYMP,
Symptoms Present During Event,test_name,terms,FATEST:Symptoms present during event,
Risk Factor - Trauma to the Pancreas,categoric_finding_original_result,,,
Risk Factor - Trauma to the Pancreas,domain,terms,DOMAIN:FA,
Risk Factor - Trauma to the Pancreas,finding_category,terms,FINDCAT:AE REQUIRING ADDITIONAL DATA,
Risk Factor - Trauma to the Pancreas,finding_subcategory,terms,FINDSCAT:PANCREATITIS RISK FACTORS,
Risk Factor - Trauma to the Pancreas,test_code,terms,FATESTCD:PANTRUMA,
Risk Factor - Trauma to the Pancreas,test_name,terms,FATEST:Risk factor - Trauma to the pancreas,
Treatment Type,categoric_finding_original_result,,,
Treatment Type,domain,terms,DOMAIN:FA,
Treatment Type,finding_category,terms,FINDCAT:AE REQUIRING ADDITIONAL DATA,
Treatment Type,test_code,terms,FATESTCD:PANTRT,
Treatment Type,test_name,terms,FATEST:Treatment type,
Imaging Method - Ultrasound,categoric_finding_original_result,,,
Imaging Method - Ultrasound,domain,terms,DOMAIN:FA,
Imaging Method - Ultrasound,finding_category,terms,FINDCAT:AE REQUIRING ADDITIONAL DATA,
Imaging Method - Ultrasound,finding_subcategory,terms,FINDSCAT:PANCREATITIS IMAGING,
Imaging Method - Ultrasound,test_code,terms,FATESTCD:PANULTRA,
Imaging Method - Ultrasound,test_name,terms,FATEST:Imaging method - Ultrasound,
Vomiting as Symptom,categoric_finding_original_result,,,
Vomiting as Symptom,domain,terms,DOMAIN:FA,
Vomiting as Symptom,finding_category,terms,FINDCAT:AE REQUIRING ADDITIONAL DATA,
Vomiting as Symptom,finding_subcategory,terms,FINDSCAT:PANCREATITIS SIGNS AND SYMPTOMS,
Vomiting as Symptom,test_code,terms,FATESTCD:PANVOMIT,
Vomiting as Symptom,test_name,terms,FATEST:Vomiting during Course of Pancreatitis,
PH Dipstick,categoric_finding_original_result,,,
PH Dipstick,specimen,,,
PH Dipstick,domain,terms,DOMAIN:LB,
PH Dipstick,finding_category,terms,FINDCAT:URINALYSIS,
PH Dipstick,test_code,terms,LBTESTCD:PH,
PH Dipstick,test_name,terms,LBTEST:pH,
Urine pH,numeric_finding_original_result,,,
Urine pH,numeric_finding_original_result_unit,,,
Urine pH,specimen,,,
Urine pH,domain,terms,DOMAIN:LB,
Urine pH,finding_category,terms,FINDCAT:URINALYSIS,
Urine pH,unit_dimension,terms,UNITDIM:NO UNIT,
Urine pH,standard_unit,units,no unit,
Urine pH,loinc,,,
Urine pH,test_code,terms,LBTESTCD:PH,
Urine pH,test_name,terms,LBTEST:pH,
Platelets,numeric_finding_original_result,,,
Platelets,numeric_finding_original_result_unit,,,
Platelets,domain,terms,DOMAIN:LB,
Platelets,finding_category,terms,FINDCAT:AE REQUIRING ADDITIONAL DATA,
Platelets,unit_dimension,terms,UNITDIM:CELL COUNT,
Platelets,standard_unit,units,10^9/L,
Platelets,test_code,terms,LBTESTCD:PLAT,
Platelets,test_name,terms,LBTEST:Platelets,
"Potassium, AE Requiring Additional Data",numeric_finding_original_result,,,
"Potassium, AE Requiring Additional Data",numeric_finding_original_result_unit,,,
"Potassium, AE Requiring Additional Data",domain,terms,DOMAIN:LB,
"Potassium, AE Requiring Additional Data",finding_category,terms,FINDCAT:AE REQUIRING ADDITIONAL DATA,
"Potassium, AE Requiring Additional Data",unit_dimension,terms,UNITDIM:CONCENTRATION,
"Potassium, AE Requiring Additional Data",standard_unit,units,mmol/L,
"Potassium, AE Requiring Additional Data",molecular_weight,,,
"Potassium, AE Requiring Additional Data",test_code,terms,LBTESTCD:K,
"Potassium, AE Requiring Additional Data",test_name,terms,LBTEST:Potassium,
"Potassium, Biochemistry",numeric_finding_original_result,,,
"Potassium, Biochemistry",numeric_finding_original_result_unit,,,
"Potassium, Biochemistry",specimen,,,
"Potassium, Biochemistry",domain,terms,DOMAIN:LB,
"Potassium, Biochemistry",finding_category,terms,FINDCAT:BIOCHEMISTRY,
"Potassium, Biochemistry",unit_dimension,terms,UNITDIM:CONCENTRATION,
"Potassium, Biochemistry",standard_unit,units,mmol/L,
"Potassium, Biochemistry",molecular_weight,,,
"Potassium, Biochemistry",loinc,,,
"Potassium, Biochemistry",test_code,terms,LBTESTCD:K,
"Potassium, Biochemistry",test_name,terms,LBTEST:Potassium,
Protein,numeric_finding_original_result,,,
Protein,numeric_finding_original_result_unit,,,
Protein,specimen,,,
Protein,domain,terms,DOMAIN:LB,
Protein,finding_category,terms,FINDCAT:AE REQUIRING ADDITIONAL DATA,
Protein,unit_dimension,terms,UNITDIM:CONCENTRATION,
Protein,standard_unit,units,g/L,
Protein,test_code,terms,LBTESTCD:PROT,
Protein,test_name,terms,LBTEST:Protein,
"Prothrombin Time, AE Requiring Additional Data",numeric_finding_original_result,,,
"Prothrombin Time, AE Requiring Additional Data",numeric_finding_original_result_unit,,,
"Prothrombin Time, AE Requiring Additional Data",domain,terms,DOMAIN:LB,
"Prothrombin Time, AE Requiring Additional Data",finding_category,terms,FINDCAT:AE REQUIRING ADDITIONAL DATA,
"Prothrombin Time, AE Requiring Additional Data",unit_dimension,terms,UNITDIM:TIME,
"Prothrombin Time, AE Requiring Additional Data",standard_unit,units,s,
"Prothrombin Time, AE Requiring Additional Data",test_code,terms,LBTESTCD:PT,
"Prothrombin Time, AE Requiring Additional Data",test_name,terms,LBTEST:Prothrombin Time,
"Protein Urine, Stick",categoric_finding_original_result,,,
"Protein Urine, Stick",specimen,,,
"Protein Urine, Stick",domain,terms,DOMAIN:LB,
"Protein Urine, Stick",finding_category,terms,FINDCAT:URINALYSIS,
"Protein Urine, Stick",loinc,,,
"Protein Urine, Stick",test_code,terms,LBTESTCD:PROT,
"Protein Urine, Stick",test_name,terms,LBTEST:Protein,
"Prothrombin Time, Plasma",numeric_finding_original_result,,,
"Prothrombin Time, Plasma",numeric_finding_original_result_unit,,,
"Prothrombin Time, Plasma",specimen,,,
"Prothrombin Time, Plasma",domain,terms,DOMAIN:LB,
"Prothrombin Time, Plasma",finding_category,terms,FINDCAT:COAGULATION PARAMETER,
"Prothrombin Time, Plasma",unit_dimension,terms,UNITDIM:TIME,
"Prothrombin Time, Plasma",standard_unit,units,s,
"Prothrombin Time, Plasma",loinc,,,
"Prothrombin Time, Plasma",test_code,terms,LBTESTCD:PT,
"Prothrombin Time, Plasma",test_name,terms,LBTEST:Prothrombin Time,
Pulse,numeric_finding_original_result,,,
Pulse,numeric_finding_original_result_unit,,,
Pulse,domain,terms,DOMAIN:VS,
Pulse,finding_category,terms,FINDCAT:VITAL SIGNS,
Pulse,unit_dimension,terms,UNITDIM:BEAT RATE,
Pulse,standard_unit,units,beats/min,
Pulse,position,terms,POSITION:SUPINE||SITTING,
Pulse,test_code,terms,VSTESTCD:PULSE,
Pulse,test_name,terms,VSTEST:Pulse Rate,
Race,categoric_finding_original_result,,,
Race,domain,terms,DOMAIN:DM,
Race,finding_category,terms,FINDCAT:DEMOGRAPHY,
Randomisation Date,domain,terms,DOMAIN:DS,
Randomisation Date,finding_category,terms,FINDCAT:PROTOCOL MILESTONE,
Randomisation Date,test_code,terms,PROTMLSTCD:RANDOMIZED,
Randomisation Date,test_name,terms,PROTMLST:RANDOMIZED,
"Erythrocytes in Urine, AE Requiring Additional Data",textual_finding_original_result,,,
"Erythrocytes in Urine, AE Requiring Additional Data",domain,terms,DOMAIN:LB,
"Erythrocytes in Urine, AE Requiring Additional Data",finding_category,terms,FINDCAT:AE REQUIRING ADDITIONAL DATA,
"Erythrocytes in Urine, AE Requiring Additional Data",test_code,terms,LBTESTCD:RBC,
"Erythrocytes in Urine, AE Requiring Additional Data",test_name,terms,LBTEST:Erythrocytes,
"Erythrocytes in Urine, Urinalysis",categoric_finding_original_result,,,
"Erythrocytes in Urine, Urinalysis",specimen,,,
"Erythrocytes in Urine, Urinalysis",domain,terms,DOMAIN:LB,
"Erythrocytes in Urine, Urinalysis",finding_category,terms,FINDCAT:URINALYSIS,
"Erythrocytes in Urine, Urinalysis",test_code,terms,LBTESTCD:RBC,
"Erythrocytes in Urine, Urinalysis",test_name,terms,LBTEST:Erythrocytes,
Reason for Undetermined Death Cause 1,categoric_finding_original_result,,,
Reason for Undetermined Death Cause 1,domain,terms,DOMAIN:ZA,
Reason for Undetermined Death Cause 1,finding_category,terms,FINDCAT:EVENT ADJUDICATION,
Reason for Undetermined Death Cause 1,test_code,terms,ZATESTCD:REASDEA1,
Reason for Undetermined Death Cause 1,test_name,terms,ZATEST:Reason for Undetermined Cause of Death,
Respiratory Rate,numeric_finding_original_result,,,
Respiratory Rate,numeric_finding_original_result_unit,,,
Respiratory Rate,domain,terms,DOMAIN:VS,
Respiratory Rate,finding_category,terms,FINDCAT:VITAL SIGNS,
Respiratory Rate,unit_dimension,terms,UNITDIM:RESPIRATORY RATE,
Respiratory Rate,standard_unit,units,breaths/min,
Respiratory Rate,test_code,terms,VSTESTCD:RESP,
Respiratory Rate,test_name,terms,VSTEST:Respiratory Rate,
Seizure,categoric_finding_original_result,,,
Seizure,domain,terms,DOMAIN:ZA,
Seizure,finding_category,terms,FINDCAT:EVENT ADJUDICATION,
Seizure,test_code,terms,ZATESTCD:HYSEIZUR,
Seizure,test_name,terms,ZATEST:Seizure,
"Creatinine, AE Requiring Additional Data",numeric_finding_original_result,,,
"Creatinine, AE Requiring Additional Data",numeric_finding_original_result_unit,,,
"Creatinine, AE Requiring Additional Data",specimen,,,
"Creatinine, AE Requiring Additional Data",domain,terms,DOMAIN:LB,
"Creatinine, AE Requiring Additional Data",finding_category,terms,FINDCAT:AE REQUIRING ADDITIONAL DATA,
"Creatinine, AE Requiring Additional Data",unit_dimension,terms,UNITDIM:CONCENTRATION,
"Creatinine, AE Requiring Additional Data",standard_unit,units,umol/L,
"Creatinine, AE Requiring Additional Data",molecular_weight,,,
"Creatinine, AE Requiring Additional Data",test_code,terms,LBTESTCD:CREAT,
"Creatinine, AE Requiring Additional Data",test_name,terms,LBTEST:Creatinine,
Severe Acute Upper Abdominal Pain,categoric_finding_original_result,,,
Severe Acute Upper Abdominal Pain,domain,terms,DOMAIN:ZA,
Severe Acute Upper Abdominal Pain,finding_category,terms,FINDCAT:EVENT ADJUDICATION,
Severe Acute Upper Abdominal Pain,test_code,terms,ZATESTCD:ACUTPAIN,
Severe Acute Upper Abdominal Pain,test_name,terms,ZATEST:Severe Acute Upper Abdominal Pain,
Severity of Pancreatitis,categoric_finding_original_result,,,
Severity of Pancreatitis,domain,terms,DOMAIN:ZA,
Severity of Pancreatitis,finding_category,terms,FINDCAT:EVENT ADJUDICATION,
Severity of Pancreatitis,test_code,terms,ZATESTCD:SEVPANCR,
Severity of Pancreatitis,test_name,terms,ZATEST:Severity of Pancreatitis,
Sex,categoric_finding_original_result,,,
Sex,domain,terms,DOMAIN:DM,
Sex,finding_category,terms,FINDCAT:DEMOGRAPHY,
"Sodium, AE Requiring Additional Data",numeric_finding_original_result,,,
"Sodium, AE Requiring Additional Data",numeric_finding_original_result_unit,,,
"Sodium, AE Requiring Additional Data",domain,terms,DOMAIN:LB,
"Sodium, AE Requiring Additional Data",finding_category,terms,FINDCAT:AE REQUIRING ADDITIONAL DATA,
"Sodium, AE Requiring Additional Data",unit_dimension,terms,UNITDIM:CONCENTRATION,
"Sodium, AE Requiring Additional Data",standard_unit,units,mmol/L,
"Sodium, AE Requiring Additional Data",molecular_weight,,,
"Sodium, AE Requiring Additional Data",test_code,terms,LBTESTCD:SODIUM,
"Sodium, AE Requiring Additional Data",test_name,terms,LBTEST:Sodium,
"Sodium, Biochemistry",numeric_finding_original_result,,,
"Sodium, Biochemistry",numeric_finding_original_result_unit,,,
"Sodium, Biochemistry",specimen,,,
"Sodium, Biochemistry",domain,terms,DOMAIN:LB,
"Sodium, Biochemistry",finding_category,terms,FINDCAT:BIOCHEMISTRY,
"Sodium, Biochemistry",unit_dimension,terms,UNITDIM:CONCENTRATION,
"Sodium, Biochemistry",standard_unit,units,mmol/L,
"Sodium, Biochemistry",molecular_weight,,,
"Sodium, Biochemistry",loinc,,,
"Sodium, Biochemistry",test_code,terms,LBTESTCD:SODIUM,
"Sodium, Biochemistry",test_name,terms,LBTEST:Sodium,
Source of Adjudicated Event,categoric_finding_original_result,,,
Source of Adjudicated Event,domain,terms,DOMAIN:ZA,
Source of Adjudicated Event,finding_category,terms,FINDCAT:EVENT ADJUDICATION,
Source of Adjudicated Event,test_code,terms,ZATESTCD:SOURADEV,
Source of Adjudicated Event,test_name,terms,ZATEST:Source of Adjudicated Event,
Subject Fasting,categoric_finding_original_result,,,
Subject Fasting,domain,terms,DOMAIN:LB,
Subject Fasting,finding_category,terms,FINDCAT:COLLECTION OF SAMPLES,
Subject Fasting,test_code,terms,LBTESTCD:FASTYN,
Subject Fasting,test_name,terms,LBTEST:Subject Fasting,
Subject Died,categoric_finding_original_result,,,
Subject Died,domain,terms,DOMAIN:ZA,
Subject Died,finding_category,terms,FINDCAT:EVENT ADJUDICATION,
Subject Died,test_code,terms,ZATESTCD:SUBJDIED,
Subject Died,test_name,terms,ZATEST:Subject Died,
Symptom of Pancreatitis 1,categoric_finding_original_result,,,
Symptom of Pancreatitis 1,domain,terms,DOMAIN:ZA,
Symptom of Pancreatitis 1,finding_category,terms,FINDCAT:EVENT ADJUDICATION,
Symptom of Pancreatitis 1,test_code,terms,ZATESTCD:SYMPANC1,
Symptom of Pancreatitis 1,test_name,terms,ZATEST:Symptom of Pancreatitis 1,
Symptom of Pancreatitis 2,categoric_finding_original_result,,,
Symptom of Pancreatitis 2,domain,terms,DOMAIN:ZA,
Symptom of Pancreatitis 2,finding_category,terms,FINDCAT:EVENT ADJUDICATION,
Symptom of Pancreatitis 2,test_code,terms,ZATESTCD:SYMPANC2,
Symptom of Pancreatitis 2,test_name,terms,ZATEST:Symptom of Pancreatitis 2,
Symptom of Pancreatitis 3,categoric_finding_original_result,,,
Symptom of Pancreatitis 3,domain,terms,DOMAIN:ZA,
Symptom of Pancreatitis 3,finding_category,terms,FINDCAT:EVENT ADJUDICATION,
Symptom of Pancreatitis 3,test_code,terms,ZATESTCD:SYMPANC3,
Symptom of Pancreatitis 3,test_name,terms,ZATEST:Symptom of Pancreatitis 3,
Symptom of Unstable Angina Pectoris 1,categoric_finding_original_result,,,
Symptom of Unstable Angina Pectoris 1,domain,terms,DOMAIN:ZA,
Symptom of Unstable Angina Pectoris 1,finding_category,terms,FINDCAT:EVENT ADJUDICATION,
Symptom of Unstable Angina Pectoris 1,test_code,terms,ZATESTCD:SYMUNMI1,
Symptom of Unstable Angina Pectoris 1,test_name,terms,ZATEST:Symptom of Unstable Angina Pectoris 1,
Symptom of Unstable Angina Pectoris 2,categoric_finding_original_result,,,
Symptom of Unstable Angina Pectoris 2,domain,terms,DOMAIN:ZA,
Symptom of Unstable Angina Pectoris 2,finding_category,terms,FINDCAT:EVENT ADJUDICATION,
Symptom of Unstable Angina Pectoris 2,test_code,terms,ZATESTCD:SYMUNMI2,
Symptom of Unstable Angina Pectoris 2,test_name,terms,ZATEST:Symptom of Unstable Angina Pectoris 2,
Symptom of Unstable Angina Pectoris 3,categoric_finding_original_result,,,
Symptom of Unstable Angina Pectoris 3,domain,terms,DOMAIN:ZA,
Symptom of Unstable Angina Pectoris 3,finding_category,terms,FINDCAT:EVENT ADJUDICATION,
Symptom of Unstable Angina Pectoris 3,test_code,terms,ZATESTCD:SYMUNMI3,
Symptom of Unstable Angina Pectoris 3,test_name,terms,ZATEST:Symptom of Unstable Angina Pectoris 3,
Symptom of Unstable Angina Pectoris 4,categoric_finding_original_result,,,
Symptom of Unstable Angina Pectoris 4,domain,terms,DOMAIN:ZA,
Symptom of Unstable Angina Pectoris 4,finding_category,terms,FINDCAT:EVENT ADJUDICATION,
Symptom of Unstable Angina Pectoris 4,test_code,terms,ZATESTCD:SYMUNMI4,
Symptom of Unstable Angina Pectoris 4,test_name,terms,ZATEST:Symptom of Unstable Angina Pectoris 4,
Thrombocytes,numeric_finding_original_result,,,
Thrombocytes,numeric_finding_original_result_unit,,,
Thrombocytes,specimen,,,
Thrombocytes,domain,terms,DOMAIN:LB,
Thrombocytes,finding_category,terms,FINDCAT:HAEMATOLOGY,
Thrombocytes,unit_dimension,terms,UNITDIM:CELL COUNT,
Thrombocytes,standard_unit,units,10^9/L,
Thrombocytes,loinc,,,
Thrombocytes,test_code,terms,LBTESTCD:PLAT,
Thrombocytes,test_name,terms,LBTEST:Platelets,
Treadmill - Pain-Free Walking Distance on Flat Treadmill,numeric_finding_original_result,,,
Treadmill - Pain-Free Walking Distance on Flat Treadmill,numeric_finding_original_result_unit,,,
Treadmill - Pain-Free Walking Distance on Flat Treadmill,domain,terms,DOMAIN:FT,
Treadmill - Pain-Free Walking Distance on Flat Treadmill,finding_category,terms,FINDCAT:TREADMILL,
Treadmill - Pain-Free Walking Distance on Flat Treadmill,unit_dimension,terms,UNITDIM:LENGTH,
Treadmill - Pain-Free Walking Distance on Flat Treadmill,standard_unit,units,m,
Treadmill - Pain-Free Walking Distance on Flat Treadmill,test_code,terms,FTTN_TM01CD:TM0101,
Treadmill - Pain-Free Walking Distance on Flat Treadmill,test_name,terms,FTTN_TM01:TM01-Pain-Free Walk Distance Flat,
Treadmill - Pain-Free Walking Distance on Inclined Treadmill,numeric_finding_original_result,,,
Treadmill - Pain-Free Walking Distance on Inclined Treadmill,numeric_finding_original_result_unit,,,
Treadmill - Pain-Free Walking Distance on Inclined Treadmill,domain,terms,DOMAIN:FT,
Treadmill - Pain-Free Walking Distance on Inclined Treadmill,finding_category,terms,FINDCAT:TREADMILL,
Treadmill - Pain-Free Walking Distance on Inclined Treadmill,unit_dimension,terms,UNITDIM:LENGTH,
Treadmill - Pain-Free Walking Distance on Inclined Treadmill,standard_unit,units,m,
Treadmill - Pain-Free Walking Distance on Inclined Treadmill,test_code,terms,FTTN_TM01CD:TM0102,
Treadmill - Pain-Free Walking Distance on Inclined Treadmill,test_name,terms,FTTN_TM01:TM01-Pain-Free Walk Distance Inclined,
Treadmill - Max Walking Distance on Inclined Treadmill,numeric_finding_original_result,,,
Treadmill - Max Walking Distance on Inclined Treadmill,numeric_finding_original_result_unit,,,
Treadmill - Max Walking Distance on Inclined Treadmill,domain,terms,DOMAIN:FT,
Treadmill - Max Walking Distance on Inclined Treadmill,finding_category,terms,FINDCAT:TREADMILL,
Treadmill - Max Walking Distance on Inclined Treadmill,unit_dimension,terms,UNITDIM:LENGTH,
Treadmill - Max Walking Distance on Inclined Treadmill,standard_unit,units,m,
Treadmill - Max Walking Distance on Inclined Treadmill,test_code,terms,FTTN_TM01CD:TM0103,
Treadmill - Max Walking Distance on Inclined Treadmill,test_name,terms,FTTN_TM01:TM01-Max Walking Distance Inclined,
TOAST Classification,categoric_finding_original_result,,,
TOAST Classification,domain,terms,DOMAIN:ZA,
TOAST Classification,finding_category,terms,FINDCAT:EVENT ADJUDICATION,
TOAST Classification,test_code,terms,ZATESTCD:TOASTCL,
TOAST Classification,test_name,terms,ZATEST:TOAST Classification,
"Total Protein, g/dL",numeric_finding_original_result,,,
"Total Protein, g/dL",numeric_finding_original_result_unit,,,
"Total Protein, g/dL",specimen,,,
"Total Protein, g/dL",domain,terms,DOMAIN:LB,
"Total Protein, g/dL",finding_category,terms,FINDCAT:BIOCHEMISTRY,
"Total Protein, g/dL",unit_dimension,terms,UNITDIM:CONCENTRATION,
"Total Protein, g/dL",standard_unit,units,g/dL,
"Total Protein, g/dL",test_code,terms,LBTESTCD:PROT,
"Total Protein, g/dL",test_name,terms,LBTEST:Protein,
Type of Heart Failure,categoric_finding_original_result,,,
Type of Heart Failure,domain,terms,DOMAIN:ZA,
Type of Heart Failure,finding_category,terms,FINDCAT:EVENT ADJUDICATION,
Type of Heart Failure,test_code,terms,ZATESTCD:TYHHEAFA,
Type of Heart Failure,test_name,terms,ZATEST:Type of Heart Failure,
Type of Myocardial Infarction,categoric_finding_original_result,,,
Type of Myocardial Infarction,domain,terms,DOMAIN:ZA,
Type of Myocardial Infarction,finding_category,terms,FINDCAT:EVENT ADJUDICATION,
Type of Myocardial Infarction,test_code,terms,ZATESTCD:TYMYOINF,
Type of Myocardial Infarction,test_name,terms,ZATEST:Type of Myocardial Infarction,
Type of Stroke,categoric_finding_original_result,,,
Type of Stroke,domain,terms,DOMAIN:ZA,
Type of Stroke,finding_category,terms,FINDCAT:EVENT ADJUDICATION,
Type of Stroke,test_code,terms,ZATESTCD:TYSTROKE,
Type of Stroke,test_name,terms,ZATEST:Type of Stroke,
Leukocytes,numeric_finding_original_result,,,
Leukocytes,numeric_finding_original_result_unit,,,
Leukocytes,specimen,,,
Leukocytes,domain,terms,DOMAIN:LB,
Leukocytes,finding_category,terms,FINDCAT:HAEMATOLOGY,
Leukocytes,unit_dimension,terms,UNITDIM:CELL COUNT,
Leukocytes,standard_unit,units,10^9/L,
Leukocytes,loinc,,,
Leukocytes,test_code,terms,LBTESTCD:WBC,
Leukocytes,test_name,terms,LBTEST:Leukocytes,
Unconscious/Coma,categoric_finding_original_result,,,
Unconscious/Coma,domain,terms,DOMAIN:ZA,
Unconscious/Coma,finding_category,terms,FINDCAT:EVENT ADJUDICATION,
Unconscious/Coma,test_code,terms,ZATESTCD:UNCOCOMA,
Unconscious/Coma,test_name,terms,ZATEST:Unconscious/Coma,
Undetermined Etiology Reason,categoric_finding_original_result,,,
Undetermined Etiology Reason,domain,terms,DOMAIN:ZA,
Undetermined Etiology Reason,finding_category,terms,FINDCAT:EVENT ADJUDICATION,
Undetermined Etiology Reason,test_code,terms,ZATESTCD:UNDETIRE,
Undetermined Etiology Reason,test_name,terms,ZATEST:Undetermined Etiology Reason,
Details in Source Data,categoric_finding_original_result,,,
Details in Source Data,domain,terms,DOMAIN:ZA,
Details in Source Data,finding_category,terms,FINDCAT:EVENT ADJUDICATION,
Details in Source Data,test_code,terms,ZATESTCD:UNDESOUR,
Details in Source Data,test_name,terms,ZATEST:Details in Source Data,
Urine Culture,textual_finding_original_result,,,
Urine Culture,specimen,,,
Urine Culture,domain,terms,DOMAIN:LB,
Urine Culture,finding_category,terms,FINDCAT:AE REQUIRING ADDITIONAL DATA,
Urine Culture,test_code,terms,LBTESTCD:URNCULTR,
Urine Culture,test_name,terms,LBTEST:Urine Culture,
Urine Microscopy,textual_finding_original_result,,,
Urine Microscopy,specimen,,,
Urine Microscopy,domain,terms,DOMAIN:LB,
Urine Microscopy,finding_category,terms,FINDCAT:AE REQUIRING ADDITIONAL DATA,
Urine Microscopy,test_code,terms,LBTESTCD:URNMICRO,
Urine Microscopy,test_name,terms,LBTEST:Urine Microscopy,
Have All Urine Samples Been Taken,categoric_finding_original_result,,,
Have All Urine Samples Been Taken,specimen,,,
Have All Urine Samples Been Taken,domain,terms,DOMAIN:LB,
Have All Urine Samples Been Taken,finding_category,terms,FINDCAT:COLLECTION OF SAMPLES,
Have All Urine Samples Been Taken,test_code,terms,LBTESTCD:LBALL,
Have All Urine Samples Been Taken,test_name,terms,LBTEST:Have All Samples Been Taken,
Urobilinogen,categoric_finding_original_result,,,
Urobilinogen,specimen,,,
Urobilinogen,domain,terms,DOMAIN:LB,
Urobilinogen,finding_category,terms,FINDCAT:URINALYSIS,
Urobilinogen,test_code,terms,LBTESTCD:UROBIL,
Urobilinogen,test_name,terms,LBTEST:Urobilinogen,
Urobilinogen Urine,categoric_finding_original_result,,,
Urobilinogen Urine,specimen,,,
Urobilinogen Urine,domain,terms,DOMAIN:LB,
Urobilinogen Urine,finding_category,terms,FINDCAT:URINALYSIS,
Urobilinogen Urine,test_code,terms,LBTESTCD:UROBIL,
Urobilinogen Urine,test_name,terms,LBTEST:Urobilinogen,
Waist Circumference,numeric_finding_original_result,,,
Waist Circumference,numeric_finding_original_result_unit,,,
Waist Circumference,domain,terms,DOMAIN:VS,
Waist Circumference,finding_category,terms,FINDCAT:BODY MEASUREMENT,
Waist Circumference,unit_dimension,terms,UNITDIM:LENGTH,
Waist Circumference,standard_unit,units,cm,
Waist Circumference,fasting_status,,,
Waist Circumference,test_code,terms,VSTESTCD:WSTCIR,
Waist Circumference,test_name,terms,VSTEST:Waist Circumference,
White Blood Cells,numeric_finding_original_result,,,
White Blood Cells,numeric_finding_original_result_unit,,,
White Blood Cells,domain,terms,DOMAIN:LB,
White Blood Cells,finding_category,terms,FINDCAT:AE REQUIRING ADDITIONAL DATA,
White Blood Cells,unit_dimension,terms,UNITDIM:CELL COUNT,
White Blood Cells,standard_unit,units,10^9/L,
White Blood Cells,test_code,terms,LBTESTCD:WBC,
White Blood Cells,test_name,terms,LBTEST:Leukocytes,
"Leukocytes in Urine, AE Requiring Additional Data",textual_finding_original_result,,,
"Leukocytes in Urine, AE Requiring Additional Data",specimen,,,
"Leukocytes in Urine, AE Requiring Additional Data",domain,terms,DOMAIN:LB,
"Leukocytes in Urine, AE Requiring Additional Data",finding_category,terms,FINDCAT:AE REQUIRING ADDITIONAL DATA,
"Leukocytes in Urine, AE Requiring Additional Data",test_code,terms,LBTESTCD:WBC,
"Leukocytes in Urine, AE Requiring Additional Data",test_name,terms,LBTEST:Leukocytes,
"Leukocytes in Urine, Urinalysis",categoric_finding_original_result,,,
"Leukocytes in Urine, Urinalysis",specimen,,,
"Leukocytes in Urine, Urinalysis",domain,terms,DOMAIN:LB,
"Leukocytes in Urine, Urinalysis",finding_category,terms,FINDCAT:URINALYSIS,
"Leukocytes in Urine, Urinalysis",loinc,,,
"Leukocytes in Urine, Urinalysis",test_code,terms,LBTESTCD:WBC,
"Leukocytes in Urine, Urinalysis",test_name,terms,LBTEST:Leukocytes,
TestInstance,categoric_finding_original_result,,,
TestInstance,domain,terms,DOMAIN:FA,
TestInstance,finding_category,terms,FINDCAT:AE REQUIRING ADDITIONAL DATA,
TestInstance,finding_subcategory,terms,FINDSCAT:ACUTE KIDNEY INJURY CONDITIONS,
TestInstance,test_code,terms,FATESTCD:AKICONDI,
TestInstance,test_name,terms,FATEST:AKI-Conditions,
VersioningCheckInstance,categoric_finding_original_result,,,
VersioningCheckInstance,domain,terms,DOMAIN:FA,
VersioningCheckInstance,finding_category,terms,FINDCAT:AE REQUIRING ADDITIONAL DATA,
VersioningCheckInstance,finding_subcategory,terms,FINDSCAT:ACUTE KIDNEY INJURY CONDITIONS,
VersioningCheckInstance,test_code,terms,FATESTCD:AKICONDI,
VersioningCheckInstance,test_name,terms,FATEST:AKI-Conditions,
Instance for group check,categoric_finding_original_result,,,
Instance for group check,domain,terms,DOMAIN:FA,
Instance for group check,finding_category,terms,FINDCAT:AE REQUIRING ADDITIONAL DATA,
Instance for group check,finding_subcategory,terms,FINDSCAT:ACUTE KIDNEY INJURY CONDITIONS,
Instance for group check,test_code,terms,FATESTCD:AKICONDI,
Instance for group check,test_name,terms,FATEST:AKI-Conditions,
Instance for subgroup check,categoric_finding_original_result,,,
Instance for subgroup check,domain,terms,DOMAIN:FA,
Instance for subgroup check,finding_category,terms,FINDCAT:AE REQUIRING ADDITIONAL DATA,
Instance for subgroup check,finding_subcategory,terms,FINDSCAT:ACUTE KIDNEY INJURY CONDITIONS,
Instance for subgroup check,test_code,terms,FATESTCD:AKICONDI,
Instance for subgroup check,test_name,terms,FATEST:AKI-Conditions,
DisplayInstance,categoric_finding_original_result,,,
DisplayInstance,domain,terms,DOMAIN:FA,
DisplayInstance,finding_category,terms,FINDCAT:AE REQUIRING ADDITIONAL DATA,
DisplayInstance,finding_subcategory,terms,FINDSCAT:ACUTE KIDNEY INJURY CONDITIONS,
DisplayInstance,test_code,terms,FATESTCD:AKICONDI,
DisplayInstance,test_name,terms,FATEST:AKI-Conditions,
